GL_ID,Basin,Sub_Basin,Area,growth_rate,pct_growth,volatility,mean_area_m2,max_area_m2,z_score,peer_group,risk_class,n_months,deseasonalized,insufficient_peers
GL081572E30378N,Karnali,Humla,0.332366748042,7176.155104717578,171.75532534066642,30501.316642958744,102319.65198871962,172920.72618865967,8.854469856848965,Humla,High,13,False,False
GL087092E27798N,Koshi,Arun,1.88589203734,8614.923591916242,110.08869288158458,77733.53009711305,371582.58226790174,478997.7147325403,6.90231669220386,Arun,High,13,False,False
GL086958E27755N,Koshi,Dudh Koshi,0.863272929746,11272.09649529684,169.4375677433185,136676.36831301957,384316.5859936054,532917.6683063284,6.435354838275308,Dudh Koshi,High,13,False,False
GL087805E27881N,Koshi,Tamor,0.391253460598,2610.246825096756,129.64102299513104,29662.060611531502,94323.6053206615,139500.22262998094,5.946633493578377,Tamor,High,13,False,False
GL086957E27783N,Koshi,Dudh Koshi,0.868498010332,9674.212242933372,69.74231557224559,50675.00647953935,237714.06746765875,322985.05610587925,5.478203187552952,Dudh Koshi,High,13,False,False
GL086447E27946N,Koshi,Tama Koshi,1.71974297686,5409.373635966185,39.83574332107664,101001.69813147983,305660.62999261596,415376.6974636304,5.166639132079596,Tama Koshi,High,13,False,False
GL086476E27861N,Koshi,Tama Koshi,1.60479225154,5237.491504597213,28.772270320686953,148550.3747682427,816073.2968698723,970424.666966966,4.993609074899869,Tama Koshi,High,13,False,False
GL085519E28467N,Gandaki,Trishuli,0.453916544601,3144.936626066914,404.87802849524473,30705.34352748477,76588.17322610249,111147.17390441896,4.65713677345947,Trishuli,High,13,False,False
GL087046E28068N,Koshi,Arun,0.872246573177,5566.873999231718,146.0756160686409,50506.02077771077,151426.1793891642,236354.21552501005,4.394798979659828,Arun,High,13,False,False
GL082866E28818N,Karnali,Bheri,0.18299245845,1598.0748586918103,72.1149060963477,12323.702628552332,36156.36207117739,57705.02770233154,4.305580717339004,Bheri,High,13,False,False
GL082337E29703N,Karnali,Mugu,0.120515805848,1955.2722298646584,21.577141800538193,17832.550769867663,31213.27975665017,61673.84181862626,4.018854637978952,Mugu,High,13,False,False
GL085468E28124N,Gandaki,Trishuli,0.166983499894,2749.512544968714,95.84013794405676,17401.711467417685,57942.05848980613,95155.91121673584,4.015755909648678,Trishuli,High,13,False,False
GL088066E27933N,Koshi,Arun,0.961403349883,5043.3183885100625,71.71546226986429,114967.22199606239,280057.2549713388,471492.63486785896,3.964089134735649,Arun,High,13,False,False
GL082414E29753N,Karnali,Mugu,0.428346848544,1826.8082293573934,41.822364915894504,21237.533173358668,82717.51386414956,122251.0817004933,3.7072129417862913,Mugu,High,13,False,False
GL081747E30162N,Karnali,Humla,0.161076682732,2973.8742890400513,57.83797218892938,21712.18471991684,35498.94265266292,76694.08098602295,3.4418565250213295,Humla,High,13,False,False
GL087771E27926N,Koshi,Arun,1.01485059435,4399.285306877037,14.5624992418037,42854.82343179293,144086.84349027148,219928.3459318273,3.434266928582892,Arun,High,13,False,False
GL085563E28426N,Gandaki,Trishuli,0.308667809698,2323.6910039417244,105.9781959518953,30209.321736889422,103919.69360712892,133435.77385382558,3.325070134885993,Trishuli,High,13,False,False
GL082222E29653N,Karnali,Mugu,0.132473324658,1591.5583341497006,150.5043798730916,13192.0762724416,28106.05688646872,50230.877670288086,3.1365186143313024,Mugu,High,13,False,False
GL086581E28198N,Koshi,Arun,1.3256494271,3871.464403317109,3.0739263779154644,66643.3702631415,226817.97141333763,307374.0630129048,3.000048184929891,Arun,High,13,False,False
GL087974E27793N,Koshi,Tamor,0.251889667562,1343.9970895770105,51.034940395493614,33206.82951905463,92148.71850004815,133683.68988449994,2.9542438487224136,Tamor,High,13,False,False
GL085170E28292N,Gandaki,Trishuli,0.213469489335,1977.3965447885964,187.76126448618797,20370.7622135344,57098.716945366265,101676.89651489258,2.763377891136766,Trishuli,High,13,False,False
GL087081E27844N,Koshi,Arun,0.36960179801,3564.960013751624,120.518560413785,50723.22040651465,145136.8712099884,215227.4627215816,2.7478983551985947,Arun,High,13,False,False
GL082256E29654N,Karnali,Mugu,0.081155412893,1422.8477547055202,98.82659048246862,9931.225084769301,22953.643879027673,36374.00961303711,2.7272424674261813,Mugu,High,13,False,False
GL087440E28735N,Koshi,Arun,0.26819461549,3446.1806768825495,144.17319475944,35025.72483180375,86237.87132752246,142698.4711858712,2.650182986066061,Arun,High,13,False,False
GL081349E30265N,Karnali,Humla,0.413214060184,2356.884625659888,39.676051138276115,14149.529481506412,62958.94661555455,87202.77853252934,2.647162732747266,Humla,High,13,False,False
GL087934E27790N,Koshi,Tamor,0.151051988656,1164.4083252390428,88.3435886152653,15736.518213134137,56218.426085553525,72621.31934883268,2.529841344490631,Tamor,High,13,False,False
GL086928E27850N,Koshi,Dudh Koshi,0.452416273883,4687.3202471832765,9.071701855319706,29811.98573856933,98985.92797216124,144982.71022024716,2.490995635662921,Dudh Koshi,High,13,False,False
GL083701E29218N,Gandaki,Kali Gandaki,0.434455616534,1187.1276835065378,9.096173196675265,16265.134480352644,50625.86328567575,119582.05869293211,2.4817139762900715,Kali Gandaki,High,13,False,False
GL082236E29105N,Karnali,Tila,0.0946756014795,1361.658484877833,408.04163713779576,16156.273106841283,29141.72225670908,49019.2502829159,2.2899192940036257,Tila,High,13,False,False
GL081672E29935N,Karnali,Kawari,0.119999215784,1327.222461522322,35.3271370021169,10201.418822225367,31407.37853376754,49228.83112335205,2.242920653976292,Kawari,High,13,False,False
GL083527E28886N,Gandaki,Kali Gandaki,0.308505013097,1066.4900051762195,31.715133452195367,18230.856536208164,59314.94218855408,87345.40446675618,2.195937677845097,Kali Gandaki,High,13,False,False
GL082206E29928N,Karnali,Humla,0.320940413399,1981.3732736232032,73.59733001817122,14918.67749993271,36890.93318051299,60460.84804534912,2.163497352103568,Humla,High,13,False,False
GL082207E29934N,Karnali,Humla,0.121277418894,1923.0429592851788,47.62752978446716,15845.639990018999,30471.03298599911,49488.43583679199,2.088366857288032,Humla,High,13,False,False
GL082474E29308N,Karnali,Tila,0.14009977019,1249.4577032650238,123.02276703634058,17615.62100847751,40117.37539934069,73909.7261774699,2.021051178643272,Tila,High,13,False,False
GL081526E29772N,Karnali,West Seti,0.507593558845,1552.82744710635,34.50846586050719,34193.586761325656,93218.51782834152,136178.97623910342,1.955699203196505,West Seti,Elevated,13,False,False
GL087591E28229N,Koshi,Arun,0.874334556986,2532.6878297669045,21.42971300745464,38293.56308186523,271692.0192244609,345590.1982352163,1.8986861928635113,Arun,Elevated,13,False,False
GL082326E29700N,Karnali,Mugu,0.0936266419059,1074.5042050102509,101.57989362128923,10666.117218903952,26057.648932918128,41405.537752428245,1.8821934711615291,Mugu,Elevated,13,False,False
GL083185E28798N,Karnali,Bheri,0.075769442688,765.7771887499975,62.42027165857367,4829.939160955975,20597.053399865337,26718.849822998047,1.7950066787459982,Bheri,Elevated,13,False,False
GL083786E29114N,Gandaki,Kali Gandaki,0.0746206973515,889.6864087031445,93.2511519169124,7522.371822929796,23772.809183560887,32210.49990081787,1.7771110056880939,Kali Gandaki,Elevated,13,False,False
GL085838E28322N,Koshi,Sun Koshi,5.41139115079,10817.754426461188,-3.716290197637756,264655.8706676336,1176914.4451702456,2676099.330426594,1.7204572730895202,Sun Koshi,Elevated,13,False,False
GL088241E28004N,Koshi,Arun,0.431879305292,2301.164310645524,94.20718093134033,42166.03156265985,179172.5141690906,235678.74089259727,1.7082203531800833,Arun,Elevated,13,False,False
GL087866E27869N,Koshi,Tamor,0.69610434331,808.3823702864188,48.861343761471375,71023.3063897293,225967.01609450812,358245.61208687583,1.6884841058548443,Tamor,Elevated,13,False,False
GL085869E28329N,Koshi,Sun Koshi,2.27034712521,10365.668833915952,20.957340224221014,100374.61260995982,588747.010198512,816630.1314926147,1.6499318871713697,Sun Koshi,Elevated,13,False,False
GL087455E28750N,Koshi,Arun,0.344267794653,2216.002173286876,63.169961491510264,24413.84526320574,96268.50180418494,129199.10537719728,1.638160611246278,Arun,Elevated,13,False,False
GL086542E27713N,Koshi,Likhu,0.0903047695192,818.78604453263,106.61710991139486,9358.073965793248,18863.561244903613,30334.0069406846,1.604926887350418,Likhu,Elevated,13,False,False
GL087930E27949N,Koshi,Arun,0.843479669959,2149.6947768645673,34.55953524328799,40343.25987454782,238338.5261143035,308241.01016408886,1.5836119676150633,Arun,Elevated,13,False,False
GL086519E28858N,Koshi,Arun,0.865614728959,2123.799607301866,-6.342847997590248,38023.89253084451,198680.7542791145,275592.99311924353,1.5623089689684384,Arun,Elevated,13,False,False
GL081411E30342N,Karnali,Humla,0.305319911492,1497.994264397256,-30.850140986944357,19355.874770294708,66483.94005874012,97629.44898223875,1.5408964873776425,Humla,Elevated,13,False,False
GL087468E28147N,Koshi,Arun,0.387330552692,2085.4580857669625,109.86126491021697,22142.484566724626,72628.12865891033,127641.03943215164,1.5307668166998516,Arun,Elevated,13,False,False
GL081572E30283N,Karnali,Humla,0.142832794357,1473.0988517777669,49.03935533398049,12992.166360941024,31872.09766337307,55600.27152252197,1.5088307478052452,Humla,Elevated,13,False,False
GL082196E29993N,Karnali,Humla,0.265319528868,1468.1265747219916,-5.765551629716565,15696.708062163252,58548.56286976673,104616.73922729492,1.5024263654562062,Humla,Elevated,13,False,False
GL087437E28775N,Koshi,Arun,0.211215634261,2046.6247432487642,189.36947433910564,25793.53598236984,69161.08298011654,105326.61433410645,1.4988200614910854,Arun,Elevated,13,False,False
GL087052E28205N,Koshi,Arun,0.658851777428,2031.2433348374761,16.43189978909402,26536.34600818331,186798.29112082088,243764.5882550707,1.4861663454466527,Arun,Elevated,13,False,False
GL082193E29667N,Karnali,Humla,0.119082857872,1450.9787367960687,315.8645846024406,10963.127237911805,23095.493774888168,36799.122959092085,1.4803396415457992,Humla,Elevated,13,False,False
GL084912E28616N,Gandaki,Budhi Gandaki,0.101195962004,466.3540107889802,99.34657040410121,6835.962854315168,28208.127453320994,36472.90518951416,1.4537857484941543,Budhi Gandaki,Elevated,13,False,False
GL080515E30456N,Karnali,Kali,0.0681830928639,530.2316627793415,168.9544866133415,7181.681270889109,20293.14169031434,31017.11193847656,1.4327362679606415,Kali,Elevated,13,False,False
GL087259E28016N,Koshi,Arun,0.304540101985,1955.1133867031613,172.62086359213268,22393.138276873746,69994.32218440819,107400.91910891066,1.423537051664814,Arun,Elevated,13,False,False
GL083181E29001N,Karnali,Bheri,0.109021593607,638.8872329314086,50.716614610554544,5590.507047429221,26531.419848830737,42964.426986694336,1.4122510369350165,Bheri,Elevated,13,False,False
GL085494E28508N,Gandaki,Trishuli,0.27693366721,1126.38969089399,145.37287637415318,18458.576792815093,57188.328007445176,77741.85602539661,1.3830383085196976,Trishuli,Elevated,13,False,False
GL080531E30391N,Karnali,Kali,0.115406456707,507.7579113028788,42.04639065406597,7622.853282005243,20340.713691269546,32932.10262837129,1.351809004708651,Kali,Elevated,13,False,False
GL087614E28117N,Koshi,Arun,0.367791059055,1837.6527512376733,-17.478646222450458,17896.005000253066,66160.8769458063,111680.7650680542,1.3269065294242026,Arun,Elevated,13,False,False
GL087190E28032N,Koshi,Arun,0.208390673865,1823.1880175736192,227.69697674996112,27683.1072370679,81725.57155485771,128440.09666209502,1.315006927804564,Arun,Elevated,13,False,False
GL086629E28207N,Koshi,Arun,0.297151170124,1817.8289705698583,40.24352797596651,17368.979173533287,79555.14212855458,107638.86613464355,1.3105982379602326,Arun,Elevated,13,False,False
GL082161E30148N,Karnali,Humla,0.174049902182,1318.5525693903728,55.62383576937751,11717.853805671128,38669.35836908447,74204.97634887695,1.3097723542505677,Humla,Elevated,13,False,False
GL082563E29248N,Karnali,Bheri,0.278831552458,595.383381827253,72.99274989443953,14377.081156072341,49086.5511603308,68325.1288537119,1.2810243819708804,Bheri,Elevated,13,False,False
GL081800E30216N,Karnali,Humla,0.210579636244,1294.989017285194,-11.406327999782198,21157.461163687363,63859.16301292546,97371.48670414944,1.2794220749941485,Humla,Elevated,13,False,False
GL087699E27900N,Koshi,Arun,0.110221960754,1773.350737876704,45.079424760173104,9177.227738680442,44656.13583850659,56352.40263573141,1.2740076402979055,Arun,Elevated,13,False,False
GL081348E30232N,Karnali,Humla,0.3281521441,1272.4726568357273,11.541001307518,13062.118547102458,77264.1310158731,99151.64068899715,1.2504205974397813,Humla,Elevated,13,False,False
GL086667E28233N,Koshi,Arun,0.120530898251,1734.2992480211667,116.76530706632653,14083.803856456236,42742.18961659887,58809.59956359863,1.2418814233396869,Arun,Elevated,13,False,False
GL086477E27916N,Koshi,Tama Koshi,0.164685753113,1506.784842062298,43.6950825749996,16670.607079282618,69754.38020958303,91958.11737841438,1.2379866492418725,Tama Koshi,Elevated,13,False,False
GL087509E28840N,Koshi,Arun,0.270138673587,1728.5067047752068,133.22725146299788,35392.60924522514,101220.58496604676,145149.19719696045,1.2371161121633916,Arun,Elevated,13,False,False
GL081684E30140N,Karnali,Humla,0.221239134228,1259.4750954027763,124.73595816528172,11104.679226727798,24095.793834374428,38761.80526446174,1.2336795043574769,Humla,Elevated,13,False,False
GL083889E28726N,Gandaki,Marsyangdi,0.157903587023,1215.115118623064,176.3003392010661,15303.41398337152,40526.1959668696,60255.26319167193,1.224790543622794,Marsyangdi,Elevated,13,False,False
GL082255E29118N,Karnali,Tila,0.125664779318,916.5174618198865,132.93688701724278,8266.50732935985,25020.54265315313,34173.385959191415,1.2232223760428835,Tila,Elevated,13,False,False
GL082258E29110N,Karnali,Tila,0.0959012679958,907.545970117315,434.32440075668177,8970.00119489549,19794.109808259855,32877.833676147464,1.2017238799418004,Tila,Elevated,13,False,False
GL087614E27629N,Koshi,Tamor,0.0384287422618,594.580824902663,21.633963720074423,4438.483209447456,12855.62146247645,18029.45198582668,1.1832302743916931,Tamor,Elevated,13,False,False
GL081568E30273N,Karnali,Humla,0.0819225698289,1218.1766483738409,23.40190576293572,9014.767186017696,25515.912960187125,40972.7074508667,1.1804863612103897,Humla,Elevated,13,False,False
GL086321E28245N,Koshi,Tama Koshi,0.223089283687,1419.297642781433,78.92929480374671,19722.17306119536,82937.08841139621,103857.87228441426,1.1499151611034908,Tama Koshi,Elevated,13,False,False
GL086364E28240N,Koshi,Tama Koshi,0.253268803475,1417.1786722855181,32.753046761265466,10203.663070406998,46412.98431128823,61965.68518066406,1.1477820389275544,Tama Koshi,Elevated,13,False,False
GL082561E29696N,Karnali,Mugu,0.109703136776,764.007410070892,56.16268187222575,6710.098552905618,20533.3746353978,29153.84812092501,1.1289571757387176,Mugu,Elevated,13,False,False
GL086520E28073N,Koshi,Tama Koshi,0.236210269118,1387.3208557470862,51.679436054870145,18029.683186075516,88195.75378673433,119620.9383222692,1.1177248150511736,Tama Koshi,Elevated,13,False,False
GL080654E30353N,Karnali,Kali,0.100660513412,438.73207882415005,-29.48256633476543,7207.6610875752385,16637.171309301684,31321.232072089704,1.1032491805046538,Kali,Elevated,13,False,False
GL082449E29775N,Karnali,Mugu,0.0855956203426,752.5875279164168,147.4465789765923,9073.449571380059,19454.12177752787,33216.70803070068,1.1012536056265625,Mugu,Elevated,13,False,False
GL086621E27790N,Koshi,Dudh Koshi,0.457740478056,2362.654841075888,41.987014200479294,27206.701536822686,198734.67394340367,242292.9283906525,1.0984934393732277,Dudh Koshi,Elevated,13,False,False
GL081030E29921N,Karnali,West Seti,0.194560834581,1097.1343308177343,6.62957332598195,14086.783159739118,39643.5388712335,70052.87145233154,1.095901875659954,West Seti,Elevated,13,False,False
GL086465E27917N,Koshi,Tama Koshi,0.19082065071,1326.384685459641,67.24116771554715,12085.974999007154,55573.004044159075,84158.48944932525,1.0563816786519846,Tama Koshi,Elevated,13,False,False
GL086925E27898N,Koshi,Dudh Koshi,1.34283095492,2239.0140217140565,37.7952824924516,81954.2844860228,248770.4514817527,383487.53011474607,1.024431119669033,Dudh Koshi,Elevated,13,False,False
GL085495E28151N,Gandaki,Trishuli,0.0818486830786,904.6637418676672,-5.918736255442276,7960.669818389438,26914.342759789746,39229.89876511518,1.0233971346164477,Trishuli,Elevated,13,False,False
GL082257E29647N,Karnali,Mugu,0.0481696746498,718.643567928223,218.05531529367195,6014.445772998938,14483.327727670798,21046.363594055176,1.018908721266385,Mugu,Elevated,13,False,False
GL085332E28558N,Gandaki,Trishuli,0.213769652202,900.0412739183898,90.9526428501722,5796.26800729267,30898.327052645447,39681.564104626224,1.0158994564831096,Trishuli,Elevated,13,False,False
GL087626E28052N,Koshi,Arun,0.189158524088,1444.4141241777613,34.260511473570055,11716.320322668236,48221.91322128964,68139.13502502441,1.003403649098435,Arun,Elevated,13,False,False
GL085630E28162N,Gandaki,Trishuli,0.14042244352,891.2252602899215,59.962956352416356,12178.927069042227,32836.01849034282,54190.00555252374,1.001599815397289,Trishuli,Elevated,13,False,False
GL082349E29486N,Karnali,Tila,0.0876150122924,818.0702420088993,82.8350392379401,6421.089429087863,17631.75380006678,29817.11301410152,0.9873120902804463,Tila,Low,13,False,False
GL080178E30564N,Karnali,Kali,0.2396767605,398.1964805550434,-14.67367238532712,15925.36405721151,37886.70353383659,72866.94786071777,0.9572817822428813,Kali,Low,13,False,False
GL082644E29723N,Karnali,Mugu,0.193371080108,689.2096482559471,14.544838959300508,6246.182924602294,32930.59665183964,53982.826015427534,0.9475047745105168,Mugu,Low,13,False,False
GL087479E28172N,Koshi,Arun,0.237745494174,1368.6381229994915,27.592549711231374,17235.038591169716,88986.26940908763,119691.23659850477,0.9410655343918037,Arun,Low,13,False,False
GL085427E28071N,Gandaki,Trishuli,0.0445557317907,845.4883204372402,30.955795878189186,4971.601212617729,13163.565413887864,21185.248626708984,0.9274141514657845,Trishuli,Low,13,False,False
GL086974E27805N,Koshi,Dudh Koshi,0.178088562352,2076.673308185463,88.74220255253917,13783.531273809647,57439.408436246165,78572.03404134115,0.9271871035874518,Dudh Koshi,Low,13,False,False
GL087962E27845N,Koshi,Tamor,0.0813335461628,485.7191200642671,273.30225226697473,5478.314232195496,11954.83516172061,21035.940624431536,0.9259693019769014,Tamor,Low,13,False,False
GL085040E28960N,Gandaki,Trishuli,0.0864111972914,843.3854696318604,189.68360029352692,8167.215841477431,24152.252717733027,35221.901863098145,0.9240033114828631,Trishuli,Low,13,False,False
GL082517E29904N,Karnali,Mugu,0.0983714099021,677.123155662506,65.51397303776513,7801.896247638475,21555.257822845135,34084.362750333894,0.9181840695817691,Mugu,Low,13,False,False
GL084579E28372N,Gandaki,Marsyangdi,0.111376710917,916.5841075518297,141.76272059589786,11973.471164013978,25557.63126803667,41120.1322116029,0.9074146870504319,Marsyangdi,Low,13,False,False
GL087720E27799N,Koshi,Tamor,0.0712515839471,473.8278646740782,25.879224746459762,5649.674861645472,16823.974130594248,27150.478440737257,0.8978679973955163,Tamor,Low,13,False,False
GL082259E29662N,Karnali,Mugu,0.0670878228193,667.044259388749,38.950474041501806,9340.33019111079,17597.019331127412,30512.269424468395,0.8937336062760909,Mugu,Low,13,False,False
GL085521E28416N,Gandaki,Trishuli,0.0960695739202,822.4578718790806,107.31603479467763,11126.363377056961,22742.877082085935,39844.70869041892,0.890058588928575,Trishuli,Low,13,False,False
GL083559E28633N,Gandaki,Kali Gandaki,0.026810607914,514.8051386493929,426.4235597971198,3484.8710726055374,5548.34092758432,10473.225330726773,0.8890619053152153,Kali Gandaki,Low,13,False,False
GL082186E29083N,Karnali,Tila,0.111108003361,777.0663524255338,197.45757334432255,7502.29403352552,17617.58775939481,30565.47925567627,0.8890539644790755,Tila,Low,13,False,False
GL083740E28973N,Gandaki,Kali Gandaki,0.0245323345548,504.0243051012333,369.30036921685416,2480.6198459263687,6131.105119321428,8889.849103591021,0.8635233940624654,Kali Gandaki,Low,13,False,False
GL082513E29893N,Karnali,Mugu,0.108258193854,653.9367534741846,76.13359295656392,8340.367981182675,22732.388906107768,33351.253356933594,0.8619360181584831,Mugu,Low,13,False,False
GL082562E29185N,Karnali,Tila,0.16607399209,765.1008331594738,33.96065551682718,9432.49648506257,30285.59268949805,50887.91792075961,0.8603808432393724,Tila,Low,13,False,False
GL082365E29653N,Karnali,Mugu,0.0521903290036,651.7950011154933,279.95313747146184,5405.195017050874,12773.0743607534,19059.63544455136,0.8567403264841494,Mugu,Low,13,False,False
GL082201E29096N,Karnali,Tila,0.0379349325441,760.0339524441509,108.18332180812642,5048.112255156076,11538.87700149283,19395.53791536817,0.8482390145542051,Tila,Low,13,False,False
GL087633E27638N,Koshi,Tamor,0.172829294214,450.3410118841139,86.29098908146374,16254.048634909836,33386.67994281199,53365.77797839595,0.8423640844568118,Tamor,Low,13,False,False
GL081550E29640N,Karnali,Karnali,0.021123769913,-149.40371342095744,-67.74194662020369,1363.4604037936347,2540.464125247455,5370.224670410156,0.8395478177761855,Karnali,Low,13,False,False
GL087517E27681N,Koshi,Arun,0.120049030791,1245.0119458981667,270.5405891880812,13561.51512479074,30775.146067361275,47858.454939150346,0.8393628489894135,Arun,Low,13,False,False
GL086526E27698N,Koshi,Likhu,0.0543793841554,635.7504827629672,103.17999700068225,5364.370087360666,11425.943052938012,23154.43606450698,0.8334798152511675,Likhu,Low,13,False,False
GL087486E28119N,Koshi,Arun,0.084645965791,1229.8305602443759,104.86475357183274,11158.047656860848,22498.464106925407,38790.1092147528,0.8268736842726693,Arun,Low,13,False,False
GL083737E29116N,Gandaki,Kali Gandaki,0.122343851385,487.65633716398315,-59.613079716272146,9877.416621889564,16297.02765444012,38132.999635434615,0.8247496265719665,Kali Gandaki,Low,13,False,False
GL082232E29887N,Karnali,Humla,0.0704217288384,934.1129056868488,196.68469682869585,10053.930338917671,18373.706848052472,30694.724077411727,0.8146071474699876,Humla,Low,13,False,False
GL086433E27929N,Koshi,Tama Koshi,0.3345372894,1077.170683364359,-29.8114605830466,24327.396147687843,70599.5052313642,124886.7420684216,0.8055032848998839,Tama Koshi,Low,13,False,False
GL086966E27799N,Koshi,Dudh Koshi,0.236858608647,1867.2990655583014,42.36954836688812,17084.9876393789,90805.89362245679,109655.1961088592,0.801769444797142,Dudh Koshi,Low,13,False,False
GL083580E29191N,Karnali,Bheri,0.0316802563142,428.7909171222999,66.66698469931973,3914.766923592657,10269.413194870986,16180.46371459961,0.7785085970321617,Bheri,Low,13,False,False
GL085496E28403N,Gandaki,Trishuli,0.0587299976632,744.8036269160191,281.4933875921809,5782.644036899401,10235.936553853813,21353.77059912588,0.764102813613479,Trishuli,Low,13,False,False
GL087270E28023N,Koshi,Arun,0.0951256261397,1150.7849425556083,209.6896160489771,10297.41727956311,26360.17728968832,41560.6814978207,0.7618457769416078,Arun,Low,13,False,False
GL081842E30301N,Karnali,Humla,0.09270801207,892.2991201961746,60.00698764688009,5199.631445682466,16765.353908493937,29774.542877197266,0.7607502391080663,Humla,Low,13,False,False
GL086433E27845N,Koshi,Tama Koshi,0.0917448191459,1031.3208171633244,139.75085733615236,9843.242968927492,26658.822181761498,39346.52477713193,0.7593472074341141,Tama Koshi,Low,13,False,False
GL087640E28194N,Koshi,Arun,0.536874683737,1147.2619210226635,22.393870152976678,37751.96185581463,113077.17669924682,189512.5458281573,0.7589475173736746,Arun,Low,13,False,False
GL086420E27927N,Koshi,Tama Koshi,0.196801788371,1027.804683990742,102.85951795869647,16471.263119529478,35427.847170221896,59000.31695323271,0.7558075915411889,Tama Koshi,Low,13,False,False
GL086504E28048N,Koshi,Tama Koshi,0.0911174791186,1018.6762772415252,88.33942401875817,7584.853908664287,26258.494953934565,38984.79652368882,0.7466182201434945,Tama Koshi,Low,13,False,False
GL085044E28944N,Gandaki,Trishuli,0.0666693066576,733.287536333245,199.9477681437846,9302.078675668612,15658.230897462134,32396.86887338676,0.7454236271937003,Trishuli,Low,13,False,False
GL088258E28009N,Koshi,Arun,0.613258692974,1127.8355052897869,42.049556624073105,35040.776453536615,157367.32800913218,248715.65776295384,0.7429661233509711,Arun,Low,13,False,False
GL086643E27777N,Koshi,Dudh Koshi,0.295822326088,1735.1414427984344,123.13245820194281,32086.35727437037,107586.03120254356,159055.80102359547,0.7226054586742124,Dudh Koshi,Low,13,False,False
GL082194E29662N,Karnali,Humla,0.047470552194,858.8230504659609,109.50833485931872,5559.0200014148095,12090.2090504688,19051.447456359863,0.7176324587248598,Humla,Low,13,False,False
GL085701E28282N,Gandaki,Trishuli,0.0653688718385,715.0893144155058,257.14260378679717,6308.482636773998,15987.658427947033,24653.950859069824,0.7159059729805228,Trishuli,Low,13,False,False
GL083026E29015N,Karnali,Bheri,0.0505296966299,406.74072719410464,131.5782695991795,4979.554420798782,11217.606475139635,18734.528480529785,0.7119955736523869,Bheri,Low,13,False,False
GL082254E29094N,Karnali,Bheri,0.0260592436259,402.5523176073642,475.62153393719416,3006.9575917466755,5782.088519586302,11464.888198762785,0.6993614972261009,Bheri,Low,13,False,False
GL087927E27721N,Koshi,Tamor,0.0590631786483,388.8783845615041,98.6982483310537,7567.877767414185,20842.11745387289,30230.007896213905,0.6971161729377409,Tamor,Low,13,False,False
GL082467E29739N,Karnali,Mugu,0.0637443981715,585.6890600199949,82.64548490897192,6669.4526414549,14997.208989373807,23010.20827980789,0.6963734725012072,Mugu,Low,13,False,False
GL087977E27591N,Koshi,Tamor,0.0265940654897,384.8882680898287,135.72850604094796,3470.429470567533,8471.531362341972,12910.406078862208,0.6876867666550144,Tamor,Low,13,False,False
GL083200E28991N,Karnali,Bheri,0.021793967337,396.7740717183669,271.13879328792666,2590.0538638865305,5249.193058054191,9412.970687866213,0.6819317786993896,Bheri,Low,13,False,False
GL081809E30289N,Karnali,Humla,0.0734077522912,827.6527370216983,-5.603050943273394,6251.853299009496,11542.673943336915,23256.06345023361,0.67748453394167,Humla,Low,13,False,False
GL081408E30312N,Karnali,Humla,0.123798703122,810.9676261624046,-16.174524897608087,11049.990126041588,31112.886803582423,56703.0173034668,0.6559938108221884,Humla,Low,13,False,False
GL087427E28754N,Koshi,Arun,0.130989732354,1017.9385187761824,122.52055589814401,18671.96265397354,47577.42871096512,69934.16463201187,0.65255793547258,Arun,Low,13,False,False
GL087623E27646N,Koshi,Tamor,0.0633973866259,362.8774911811037,39.99058544536656,5650.290405537392,13096.250085345653,24448.609298436782,0.6356711025649694,Tamor,Low,13,False,False
GL087522E27997N,Koshi,Arun,0.121219062387,994.2784111272837,61.236530244548895,18493.47427221176,43329.110708100336,64399.81743032419,0.6330936396314945,Arun,Low,13,False,False
GL083920E28712N,Gandaki,Marsyangdi,0.113624063043,657.3263020190561,115.86570472620915,7686.309627714129,21139.423173833646,31895.952361103133,0.6317911670389682,Marsyangdi,Low,13,False,False
GL083669E29038N,Gandaki,Kali Gandaki,0.103605356004,405.18154741684737,56.17047955164923,8636.123925185615,35474.309991650705,47828.00952911377,0.6293766680139552,Kali Gandaki,Low,13,False,False
GL085301E28482N,Gandaki,Trishuli,0.0911591289483,659.7627885683273,88.78888637025321,7651.366034729109,24442.488883152844,32877.870173674935,0.6261659277082144,Trishuli,Low,13,False,False
GL085848E28212N,Koshi,Sun Koshi,0.464939419173,3802.044520193875,207.36693221236257,62211.79688041794,177231.2189943731,227263.41019652123,0.6260060081340146,Sun Koshi,Low,13,False,False
GL087578E28164N,Koshi,Arun,0.201882736838,985.1851731370853,25.23297403735063,18543.819720054897,82298.82368589606,102252.86444223442,0.6256129689168428,Arun,Low,13,False,False
GL087437E28742N,Koshi,Arun,0.0752450837827,981.3881285279672,104.29309404309855,6897.210055338526,32620.610097325294,39679.29928517061,0.6224892806948616,Arun,Low,13,False,False
GL087550E27600N,Koshi,Tamor,0.0330679162753,356.2416141359595,10.492221390832835,2410.9007431618697,9940.115087372793,16213.870876985438,0.6199892594044838,Tamor,Low,13,False,False
GL081613E30289N,Karnali,Humla,0.0627496587557,780.7226846715911,49.199989277125994,5650.2904787494745,21790.68051912472,32101.80478668213,0.6170377817717762,Humla,Low,13,False,False
GL086835E27997N,Koshi,Dudh Koshi,0.124792963248,1558.2133760481447,171.02683426984242,15498.497837676512,51196.8190865357,68193.9461585849,0.6166234447087642,Dudh Koshi,Low,13,False,False
GL082045E29884N,Karnali,Humla,0.0415767295448,755.0745759202447,31.401439330649744,5148.830694624874,6840.976337611225,16936.20445251465,0.584002556032984,Humla,Low,13,False,False
GL082229E29111N,Karnali,Tila,0.0483052538371,647.183644254093,152.66372533106,4842.3230213910365,15634.563436100243,23070.35234069824,0.5778144306542293,Tila,Low,13,False,False
GL087619E27725N,Koshi,Arun,0.07480962514,925.7824760604693,99.24253878412046,8809.89008573246,21619.53577995933,30014.5370128856,0.5767445661684106,Arun,Low,13,False,False
GL086917E27832N,Koshi,Dudh Koshi,0.36744234639,1489.2603585489655,59.90403076563893,26025.809061782456,90587.43372218848,123159.91999071906,0.5753197680350584,Dudh Koshi,Low,13,False,False
GL085422E28066N,Gandaki,Trishuli,0.0420076885054,625.3167764405192,81.19661311988253,4666.999028352962,10964.610845539904,17483.828997264187,0.5702942343302788,Trishuli,Low,13,False,False
GL082389E29491N,Karnali,Tila,0.0606422099263,643.0417737757384,128.801269600646,6471.59630920159,14439.114002735256,22726.36038208008,0.5678892153965956,Tila,Low,13,False,False
GL082382E29878N,Karnali,Humla,0.140390051745,739.0361772449693,-14.960405437265498,13041.395758822628,27394.000951510927,50725.34671783447,0.563344809847365,Humla,Low,13,False,False
GL086280E27985N,Koshi,Tama Koshi,0.0896971773815,834.0743266373001,16.78958495879014,5441.345647759669,39669.291454541875,45316.16197276396,0.560783393601983,Tama Koshi,Low,13,False,False
GL086838E27793N,Koshi,Dudh Koshi,0.224562828334,1459.253237670918,189.33433002677393,13611.29244927545,33682.51881935269,58030.11618047976,0.5573451461315218,Dudh Koshi,Low,13,False,False
GL087095E27829N,Koshi,Arun,0.116164307316,892.5698639050815,51.54114398979181,7549.994056522967,35926.907143858945,47143.464454650886,0.5494217780289495,Arun,Low,13,False,False
GL083250E29541N,Karnali,Mugu,0.0915653343649,525.1090435316588,78.07060942333528,8311.838552088771,22684.968749077103,38077.37612232882,0.5494119967628214,Mugu,Low,13,False,False
GL087691E27705N,Koshi,Tamor,0.0322147428565,325.94330921382726,109.07005124793288,5877.689524915753,11100.423935640778,16636.37644602458,0.5483885858861096,Tamor,Low,13,False,False
GL086191E28335N,Koshi,Sun Koshi,0.597684237605,3252.156018448457,40.33154859024285,39529.19303790607,157733.62070193517,234883.6816352396,0.5402233611374314,Sun Koshi,Low,13,False,False
GL087556E28125N,Koshi,Arun,0.0755638736323,880.2715861497426,151.45885500302614,7078.622640110525,18122.334025773955,32266.71154309441,0.5393044395908506,Arun,Low,13,False,False
GL087247E27959N,Koshi,Arun,0.104050377467,870.1864123800823,327.83436559752306,9262.050458148879,22795.513177991957,31829.1401975744,0.5310077399826153,Arun,Low,13,False,False
GL087624E28747N,Koshi,Arun,0.200307622586,866.0631725014588,89.40085943107434,23362.6707975148,83981.2428910982,111644.03981018066,0.5276157029719543,Arun,Low,13,False,False
GL082271E29084N,Karnali,Bheri,0.0259246285128,345.51287946662,167.2352796259289,3113.632203874511,5848.955761978817,10534.025182477166,0.5273055877314899,Bheri,Low,13,False,False
GL086478E27798N,Koshi,Likhu,0.056009115369,563.1059571547075,240.6945139642845,6104.735001487486,11454.938418157932,19291.43566936418,0.5273021192739504,Likhu,Low,13,False,False
GL082796E29334N,Karnali,Bheri,0.0806969445989,344.2363541522337,107.6435937883603,6782.947459387267,23866.76725340278,32664.0362701416,0.5234550286951669,Bheri,Low,13,False,False
GL086217E28252N,Koshi,Tama Koshi,0.0989474307098,793.0472521225663,82.5803172039889,10630.437513333307,29015.0788880154,43656.64150845397,0.5194823171453362,Tama Koshi,Low,13,False,False
GL087636E28093N,Koshi,Arun,0.80141496741,854.7159832760293,28.98165814329321,80803.66402279162,192975.7462516635,373747.8313035254,0.5182807899053681,Arun,Low,13,False,False
GL087629E27662N,Koshi,Tamor,0.0441338489608,312.3703516154006,31.231108295840393,6547.421086161359,13385.804056366107,20595.33264160156,0.5163130982249572,Tamor,Low,13,False,False
GL087790E27852N,Koshi,Tamor,0.0670543298842,311.9740780221111,14.010487073483397,5438.570078275465,24575.892019798317,31318.02066258449,0.5153766281402447,Tamor,Low,13,False,False
GL087576E27984N,Koshi,Arun,0.0770750552668,850.2031410671005,210.92277838199612,10946.543874627047,25320.95757335358,35855.38491471234,0.5145682414612863,Arun,Low,13,False,False
GL084921E28613N,Gandaki,Budhi Gandaki,0.0390872671103,180.52837212087286,171.09221592486742,2561.3559161350317,8122.567215469844,11231.202929178877,0.5144301431669203,Budhi Gandaki,Low,13,False,False
GL087555E27674N,Koshi,Tamor,0.044070325406,309.80261974421035,65.98459790842361,2908.346096370085,9511.881873640288,18691.019226523007,0.5102450580535904,Tamor,Low,13,False,False
GL081639E30308N,Karnali,Humla,0.051099808205,695.9755567582308,74.87310500665171,4983.526472812059,13181.813671382486,22770.381535698387,0.5078819555674295,Humla,Low,13,False,False
GL081978E29902N,Karnali,Humla,0.0339185785217,695.3891333580221,17.91048887613494,5184.277532131562,6658.754995113045,15464.657173156738,0.5071266316723144,Humla,Low,13,False,False
GL085445E28509N,Gandaki,Trishuli,0.114702471981,584.3010971294548,-36.242338751078265,15946.623540109167,31219.894200939794,54652.87496062634,0.5037664908674725,Trishuli,Low,13,False,False
GL083629E29101N,Gandaki,Kali Gandaki,0.0756191118897,351.4979893785288,72.77217568732098,5818.199639265567,18487.360246587552,28713.518032029093,0.502206709872519,Kali Gandaki,Low,13,False,False
GL086314E28194N,Koshi,Tama Koshi,0.284717133981,774.6961182681243,31.67053788787314,19237.043019169094,60380.04130153052,95095.41596221924,0.5010086240694072,Tama Koshi,Low,13,False,False
GL083902E28725N,Gandaki,Marsyangdi,0.0239387846257,532.805143056556,356.77890876966853,3523.8708014053122,7553.4016587362385,11175.224702124502,0.49940957845527284,Marsyangdi,Low,13,False,False
GL087599E28130N,Koshi,Arun,0.152904452858,827.7569001018431,139.36449565982397,8463.716042550554,26657.884675897334,39096.802726745605,0.4961025488637972,Arun,Low,13,False,False
GL086937E27857N,Koshi,Dudh Koshi,0.224531455505,1354.7783465215523,55.499793308700006,13468.02799944238,66293.5809999722,93887.47946529016,0.4947634451261179,Dudh Koshi,Low,13,False,False
GL087416E28759N,Koshi,Arun,0.153386654318,814.8299114533909,110.36927696009396,16241.651587612241,54866.23501108668,74412.3767596974,0.48546799321757456,Arun,Low,13,False,False
GL082206E29679N,Karnali,Humla,0.0876427868271,678.0433742308661,91.90416257001725,6111.524343691371,13283.091012547926,20087.33339691162,0.48478498169212897,Humla,Low,13,False,False
GL087577E28228N,Koshi,Arun,0.233267291518,813.0885282278539,69.27136829315361,14656.088695665325,53923.70519800201,76017.3357925415,0.4840354216174139,Arun,Low,13,False,False
GL087701E27809N,Koshi,Tamor,0.0387597856267,295.3435912882097,46.400159862225685,5401.121180145416,12477.747710769676,18768.5297164917,0.47607561595009057,Tamor,Low,13,False,False
GL087736E27620N,Koshi,Tamor,0.0870149807326,294.4072523944374,63.13781498407012,9329.119038254905,28321.24969524999,38714.1646364399,0.4738628685502658,Tamor,Low,13,False,False
GL081954E30058N,Karnali,Humla,0.110801870618,667.0519642176239,120.45582423907875,6247.846006567916,16954.943865821806,25274.66758728028,0.4706278477492212,Humla,Low,13,False,False
GL085830E28293N,Koshi,Sun Koshi,0.293967889849,2803.987224738481,43.30704028842864,15298.833975736821,68437.8125012405,88245.23858451095,0.4703089961276566,Sun Koshi,Low,13,False,False
GL088034E27560N,Koshi,Tamor,0.031296209084,290.9625389906286,41.60255749511402,3805.040153576,12408.280808084295,17059.147116836848,0.4657223537450856,Tamor,Low,13,False,False
GL084599E28746N,Gandaki,Budhi Gandaki,0.107242506343,164.75140018738549,43.41955145468659,8899.47074437806,26220.62058913517,41211.31338183833,0.46257969654543785,Budhi Gandaki,Low,13,False,False
GL086415E28392N,Koshi,Arun,0.207576185362,782.9496531074915,61.87764449440487,10921.899374043069,68004.79382821338,81682.62906565946,0.45924128329963776,Arun,Low,13,False,False
GL083092E28722N,Karnali,Bheri,0.0294620012082,322.8332658653862,18.728917356778968,2930.6578197141403,10243.267529280765,13524.897063461003,0.4588939470782617,Bheri,Low,13,False,False
GL085819E28297N,Koshi,Sun Koshi,0.317137973379,2694.5245544034156,55.08115717477599,16233.547380148246,110935.57315711571,142025.42626190186,0.45323281144866945,Sun Koshi,Low,13,False,False
GL082267E29106N,Karnali,Bheri,0.0206073550404,320.22211705532305,307.18087131382094,2164.7970060753873,4914.92518162792,8267.48586473652,0.4510175794634085,Bheri,Low,13,False,False
GL087618E27640N,Koshi,Tamor,0.0608535400994,280.7216462026619,57.57334537056131,8381.796688225944,20368.92746500559,29799.37059885661,0.44152117077685116,Tamor,Low,13,False,False
GL086612E27779N,Koshi,Dudh Koshi,1.2185513045,1264.999046280319,32.345646001289,59741.75845695372,215689.33600500922,290090.7830520928,0.440984577664667,Dudh Koshi,Low,13,False,False
GL087582E27681N,Koshi,Arun,0.0677924566797,752.9075016925061,124.73222046092422,10814.937077128609,18766.56230368636,31833.304902439493,0.43452671599836934,Arun,Low,13,False,False
GL084290E28626N,Gandaki,Marsyangdi,0.0450721270332,469.90843905247783,129.41318677306762,3712.450922569964,11148.494036423352,16441.92925262451,0.4325425041193695,Marsyangdi,Low,13,False,False
GL086532E28185N,Koshi,Tama Koshi,0.679825143566,700.8732820275401,-24.975275224751233,23155.905026116623,104187.31136674837,150010.52078082517,0.4266927572940677,Tama Koshi,Low,13,False,False
GL087587E28115N,Koshi,Arun,0.188679227684,739.1504129550773,74.39889628756056,13221.782171543928,53435.7151328891,75976.20820626651,0.42320926769800854,Arun,Low,13,False,False
GL082307E29514N,Karnali,Mugu,0.0335354650804,470.2156049429613,12.40311123904328,4020.4448328380254,6731.622112427218,12748.183738708496,0.4162456291884138,Mugu,Low,13,False,False
GL087053E28226N,Koshi,Arun,0.169384630386,728.6190382270518,32.44443111369698,12881.650941841815,42630.024077844406,59424.544046229945,0.4145454950575167,Arun,Low,13,False,False
GL083035E28769N,Karnali,Bheri,0.022373064561,307.6312976060412,358.23531848215,2551.2299934436237,4929.552433408619,8799.449849356857,0.41303815746624145,Bheri,Low,13,False,False
GL082142E30057N,Karnali,Humla,0.0426075883074,620.9098431079868,81.17255194232025,4895.017756416312,10869.138709140507,16126.734914173798,0.4111959651998489,Humla,Low,13,False,False
GL087557E27979N,Koshi,Arun,0.0926940336334,719.2626205626821,262.8388654420532,9870.762914948904,19324.116653746176,31075.3231536566,0.4068483161547602,Arun,Low,13,False,False
GL083505E29193N,Karnali,Bheri,0.0793967364638,305.4217742249206,14.28556589333423,5700.2134085115,29409.530438936672,40624.64225006104,0.4063732679217431,Bheri,Low,13,False,False
GL082036E29881N,Karnali,Humla,0.0834309049425,612.4066176501819,-13.64529300029621,10453.72525437025,16350.928635621683,34046.38786315918,0.4002436577517731,Humla,Low,13,False,False
GL081875E30313N,Karnali,Humla,0.111889116592,611.7696193283281,61.27449823516395,15614.30830088725,23152.23577464062,52486.47097015381,0.39942319244722824,Humla,Low,13,False,False
GL082475E29842N,Karnali,Mugu,0.0610067599303,461.2004567391863,138.6664382655378,5594.971353324769,12251.877426515695,20487.48477172852,0.39437571959071466,Mugu,Low,13,False,False
GL085914E28260N,Koshi,Sun Koshi,0.281882525417,2307.134156324558,66.73189903420797,37589.19025752903,110755.45603154156,151947.86983717378,0.39279988065854793,Sun Koshi,Low,13,False,False
GL083548E29158N,Karnali,Bheri,0.03433641419,299.2765936421003,114.45766209151087,4317.105242828563,9304.231235445463,17316.877227783203,0.3878367137646551,Bheri,Low,13,False,False
GL087941E27736N,Koshi,Tamor,0.0564077152629,257.72751344673793,130.55178891796737,5821.467285219271,14571.049345471598,23773.782490748985,0.38718164925819326,Tamor,Low,13,False,False
GL082332E29859N,Karnali,Humla,0.0999727009011,602.0903081060872,54.55826300157425,11039.683843943034,23507.06582769564,41746.26344299317,0.38695606536496463,Humla,Low,13,False,False
GL082429E29407N,Karnali,Tila,0.171587167036,567.3866174296347,137.72088604096612,10384.175612563879,28942.626532856983,53633.53122097839,0.38659583212708387,Tila,Low,13,False,False
GL087233E28015N,Koshi,Arun,0.0865128163514,693.2439788150936,404.4243614555978,12888.577305825384,28326.49864126352,45564.69684923957,0.3854437415064341,Arun,Low,13,False,False
GL082393E29458N,Karnali,Tila,0.0744112557186,566.6177923078804,25.883501695643062,4815.933611269337,24642.07063070214,32624.483442568315,0.384753487015433,Tila,Low,13,False,False
GL084332E28817N,Gandaki,Marsyangdi,0.0631650543918,418.9191316877097,68.20002527331481,4726.563223014144,16972.26757522514,22303.454659824747,0.37833448384417184,Marsyangdi,Low,13,False,False
GL087560E27648N,Koshi,Tamor,0.0222403898791,253.02334149078536,161.2155818632907,3643.105619161964,6182.787771293443,9828.497123628504,0.3760647936697999,Tamor,Low,13,False,False
GL086622E28202N,Koshi,Arun,0.0519047046548,678.3853471890372,104.95029056062086,5088.080301085356,18350.88152708856,24671.96421051025,0.37322009459598854,Arun,Low,13,False,False
GL082248E29896N,Karnali,Humla,0.0647515587249,587.0925478821199,43.73486241377048,6515.069693121743,18536.236691585676,27204.85210029752,0.3676386802361673,Humla,Low,13,False,False
GL082415E29665N,Karnali,Mugu,0.0433521825517,449.0457371063005,102.20808810069506,4556.0628324021245,13339.71117109526,19137.55567169189,0.36488950222101246,Mugu,Low,13,False,False
GL082236E29115N,Karnali,Tila,0.102655373686,558.2665422322456,155.53388383988792,9039.245246544113,24813.73011772881,36411.35526440191,0.3647412835667306,Tila,Low,13,False,False
GL086535E28151N,Koshi,Tama Koshi,0.19981948215,635.1753985389562,40.80625532174739,14975.479839510916,48296.1203882577,66299.53870218314,0.3605561062874884,Tama Koshi,Low,13,False,False
GL080903E29974N,Karnali,Kali,0.033158098407,232.08703540751873,72.42430293807615,3266.2194166401705,8389.782266529939,15385.672040004358,0.3591269610429236,Kali,Low,13,False,False
GL087599E28248N,Koshi,Arun,0.0952788477554,660.9948586575514,67.73713868706562,7032.452199782402,31723.263605150594,44772.93025515687,0.35891358261299666,Arun,Low,13,False,False
GL081569E29741N,Karnali,Kawari,0.0585247488322,333.40644419940776,-35.62493863868574,5323.584003931616,11989.467927875776,19729.109077453613,0.35744516568861245,Kawari,Low,13,False,False
GL087836E27937N,Koshi,Tamor,0.0286390236104,244.90804403921976,71.43706080773097,3212.1316224626094,9699.08430038153,12937.907760620115,0.35688679790972716,Tamor,Low,13,False,False
GL087531E28161N,Koshi,Arun,0.0683234504073,658.1594750529094,189.86325195905104,10987.795545105499,23308.698438063864,34216.77763953115,0.3565810173464864,Arun,Low,13,False,False
GL087293E27931N,Koshi,Arun,0.120737120942,656.3449923601838,255.7055607145263,14764.274507536802,43293.124076461216,57231.39736438826,0.35508830951718007,Arun,Low,13,False,False
GL083863E28672N,Gandaki,Marsyangdi,0.0341779122606,396.44849703574465,221.17990551566953,3919.7157258422453,7310.939898055639,15648.150993347168,0.35444538470234,Marsyangdi,Low,13,False,False
GL087712E27678N,Koshi,Tamor,0.0338916329686,243.82431252234431,10.812702453184224,4093.790403653529,10268.856527113878,16114.596130191578,0.3543257336283822,Tamor,Low,13,False,False
GL087189E27906N,Koshi,Arun,0.293322533385,649.061196061348,75.33917541859955,13657.347161821013,47751.61564059711,69572.54128157672,0.3490961995863809,Arun,Low,13,False,False
GL087516E27675N,Koshi,Arun,0.0615165550823,643.8562687093604,134.99832065541503,7650.0422843388305,18445.003837824803,28235.686745886705,0.3448142982817112,Arun,Low,13,False,False
GL087559E28206N,Koshi,Arun,0.166763851832,639.9272501075268,21.02528339898338,13159.716053047105,70753.02132858575,89103.14822803572,0.3415820399350431,Arun,Low,13,False,False
GL087908E27951N,Koshi,Arun,0.664083331035,638.9451249773363,-1.1317983128554878,31520.186057461528,157250.5416035809,236431.40397329893,0.34077408189991204,Arun,Low,13,False,False
GL087076E28100N,Koshi,Arun,0.118544795599,637.0501160097033,-16.604144926190813,7337.929099602883,39168.77841776392,52466.19083404541,0.3392151280813213,Arun,Low,13,False,False
GL086911E27794N,Koshi,Dudh Koshi,0.182208278012,1091.4450800435611,-18.581470978312133,10355.536579866242,34328.94695379105,54374.34635925293,0.3370236899925991,Dudh Koshi,Low,13,False,False
GL082221E29668N,Karnali,Humla,0.10750023159,559.1183074180177,75.69481677532085,6158.003054899162,14272.584339932402,23639.806663513184,0.33160735498087507,Humla,Low,13,False,False
GL087734E27675N,Koshi,Tamor,0.0515632478545,234.05911000158716,59.712063980528576,5176.4321759343875,14473.21537952682,20114.31198120117,0.3312486974929781,Tamor,Low,13,False,False
GL084782E28860N,Gandaki,Budhi Gandaki,0.0286641777652,124.47286391288038,49.48702881162458,1678.8727905381497,9448.209538637278,12129.920795276115,0.3302057464682489,Budhi Gandaki,Low,13,False,False
GL088057E27437N,Koshi,Tamor,0.0776663040621,231.935635198927,71.95759647984919,6332.70410457834,23083.19969122471,29293.028790941426,0.32623052151050913,Tamor,Low,13,False,False
GL086104E28125N,Koshi,Tama Koshi,0.0644990246204,598.7725856163723,-35.96656981069783,7633.520425005738,17616.58927011619,31170.845145191863,0.3239101748498786,Tama Koshi,Low,13,False,False
GL087693E27709N,Koshi,Tamor,0.0249641039725,230.44380680734395,63.598654037035296,4658.007587125498,8288.830857653495,13169.007605429257,0.32270504647533144,Tamor,Low,13,False,False
GL087518E27666N,Koshi,Arun,0.0604901368876,609.5284056290556,67.92200688520977,8308.324017372077,18491.17945599448,29858.869247496365,0.3165740344375002,Arun,Low,13,False,False
GL081987E29898N,Karnali,Humla,0.0343745400339,546.8358252734312,116.09216097952613,4348.580058648849,9220.361986565913,16242.759628295898,0.31578729689344204,Humla,Low,13,False,False
GL087479E28737N,Koshi,Arun,0.239664915884,603.0499227959841,29.18269783345191,17787.31842997487,72499.26255072454,100209.3013381958,0.3112444261222918,Arun,Low,13,False,False
GL087303E27938N,Koshi,Arun,0.0887070730982,595.8074643964227,130.9009680893678,9572.674304820452,23597.021986794218,36496.95186944101,0.30528632335295036,Arun,Low,13,False,False
GL081997E30140N,Karnali,Humla,0.0515060408182,533.5034979139878,259.9999738634966,8041.407183905562,10484.044334533599,21030.79961395264,0.2986150192720144,Humla,Low,13,False,False
GL085464E28566N,Gandaki,Trishuli,0.171590583274,453.4591743054985,113.14708624252565,8489.355854169104,31688.764593625536,39990.47801971436,0.2915398979639073,Trishuli,Low,13,False,False
GL087623E28167N,Koshi,Arun,0.203336183471,576.5383603976122,32.56788033626113,9060.624331025903,41993.30821579233,62759.93605011584,0.2894343438779986,Arun,Low,13,False,False
GL081831E30323N,Karnali,Humla,0.12201737641,523.7530703798811,-38.93223132384422,11960.013538842803,22772.063290833354,43361.33026123047,0.2860562930999711,Humla,Low,13,False,False
GL086257E28092N,Koshi,Tama Koshi,0.0788474188471,560.477643488708,66.37286030997294,8608.116585561425,22732.40232995265,35876.76025136312,0.2853594775012405,Tama Koshi,Low,13,False,False
GL087027E28007N,Koshi,Arun,0.147693110982,570.459416617929,25.62481568133059,13502.09780197222,44865.47861557582,66136.52505891089,0.2844334215709275,Arun,Low,13,False,False
GL087621E28133N,Koshi,Arun,0.0672684366937,567.8492990310893,56.24071547094378,4881.888430637716,18160.587246846793,24318.283607363235,0.28228617432910724,Arun,Low,13,False,False
GL087724E27918N,Koshi,Arun,0.043141730219,562.2767679069406,88.01941661036251,4061.1130706584,12997.786947408595,18984.78595703723,0.2777018589915083,Arun,Low,13,False,False
GL087449E28768N,Koshi,Arun,0.0768154534928,553.384280555132,156.56657381419734,8492.361746918668,27931.608455949096,39303.44621276856,0.27038633840524545,Arun,Low,13,False,False
GL080954E29861N,Karnali,Kali,0.0302207408675,206.45061491637682,-36.64808408629867,2601.5139471485954,5643.658924734538,9598.036130179613,0.2668110274037074,Kali,Low,13,False,False
GL081546E29620N,Karnali,Karnali,0.0446630231282,-229.21952534326033,-52.078368880297276,7144.081840564931,13945.934809760414,24913.92842302509,0.2667897052442279,Karnali,Low,13,False,False
GL087739E27822N,Koshi,Tamor,0.0878846559,206.0276971362893,46.51307799815192,7817.409722924244,29442.315010245708,38102.105669597535,0.26500512228356665,Tamor,Low,13,False,False
GL087433E28603N,Koshi,Arun,0.0748524714923,545.3834260606426,-31.963276307476168,5452.769862011383,12312.298640441895,23863.39989570169,0.2638043312067503,Arun,Low,13,False,False
GL087708E27609N,Koshi,Tamor,0.0367960580921,204.91649456652945,61.38265864803637,5012.049114754012,13316.546445242995,18700.719549470792,0.26237913866452817,Tamor,Low,13,False,False
GL088002E27928N,Koshi,Arun,1.10767575051,542.6695191923301,-23.055283215228712,53463.09690878446,214175.2741063183,344671.3738782995,0.2615717003601849,Arun,Low,13,False,False
GL087501E27897N,Koshi,Arun,0.0365983674702,541.9244954067068,63.910778025549945,5291.499904102651,12122.279186351194,17754.992074046408,0.2609587968355176,Arun,Low,13,False,False
GL080658E30612N,Karnali,Humla,0.317335313847,503.44193237969205,108.17484047345245,18288.71846273478,77684.82640503759,113406.74855804443,0.2598951817543721,Humla,Low,13,False,False
GL086432E27938N,Koshi,Tama Koshi,0.0522541186026,535.0009348590894,205.7078713346352,7534.161364379814,17835.49763266677,28824.522816766475,0.25971262104312975,Tama Koshi,Low,13,False,False
GL085022E28585N,Gandaki,Budhi Gandaki,0.106331611976,102.11250836455233,55.737343935999405,8476.524935333822,26285.409449956787,37461.81488871855,0.25671924812853375,Budhi Gandaki,Low,13,False,False
GL087377E28679N,Koshi,Arun,0.0778049308515,533.7864309576815,16.717295331860054,6123.398985357671,29000.67493786013,37150.49002476112,0.2542639120801213,Arun,Low,13,False,False
GL081939E30057N,Karnali,Humla,0.13713205417,498.86027115943284,59.670183927534694,6249.948499129363,13147.327434207233,22600.80997467041,0.2539939196325797,Humla,Low,13,False,False
GL081692E30141N,Karnali,Humla,0.0335533698795,497.87656656079076,77.52806513268918,4774.777496520323,8050.8173430867155,15083.38429260254,0.2527268904028037,Humla,Low,13,False,False
GL082177E29686N,Karnali,Humla,0.0370787457071,497.51807445319804,121.8751239182226,4608.949558548249,7754.378127925176,14371.781959533691,0.252265146115351,Humla,Low,13,False,False
GL087504E27999N,Koshi,Arun,0.0417479038195,531.048725679213,74.40739890828102,6639.232144152489,13061.878814678856,20049.787918030983,0.2520117031613553,Arun,Low,13,False,False
GL086421E27731N,Koshi,Tama Koshi,0.0517698677274,524.8522349725225,60.9568379982964,7190.723667226166,17251.595225343084,24445.70692772959,0.24949614241509274,Tama Koshi,Low,13,False,False
GL083472E28857N,Karnali,Bheri,0.0292735613389,253.33837504864707,85.36904884482847,2702.6341762227817,10371.0788593344,14353.687278867235,0.24926694101977026,Bheri,Low,13,False,False
GL086065E28067N,Koshi,Sun Koshi,0.387200261209,1370.3071228698107,18.42522804846061,18050.636713443408,175824.96225569828,206059.7033843994,0.2466547940589545,Sun Koshi,Low,13,False,False
GL081663E30163N,Karnali,Humla,0.0860652829447,492.20484064320465,5.320960780950758,4437.293358366354,18476.43360702492,23763.6005422854,0.24542160532964297,Humla,Low,13,False,False
GL087665E27664N,Koshi,Tamor,0.0290662866706,197.48227663358693,61.54721375190625,2427.3699862845574,9855.88816647537,12512.74039516075,0.2448106637135671,Tamor,Low,13,False,False
GL081640E29778N,Karnali,Kawari,0.0471361333389,273.3822887217631,21.90995698025597,8849.535546015453,15037.818466821735,25796.56903554879,0.2435668704251394,Kawari,Low,13,False,False
GL084471E28663N,Gandaki,Marsyangdi,0.246446575931,291.70930303398416,20.052593599417555,7082.19183527369,58679.05450699291,70798.60947867001,0.24309450261566956,Marsyangdi,Low,13,False,False
GL084842E28830N,Gandaki,Budhi Gandaki,0.0266930912125,97.92942681669086,220.96033255058876,2432.533634577625,5596.941011482341,8923.442184328565,0.242971702184668,Budhi Gandaki,Low,13,False,False
GL080643E30335N,Karnali,Kali,0.0279427834296,198.34888700449477,52.11516907612451,3686.778338130153,7394.312602477845,11863.184888652726,0.237636963242343,Kali,Low,13,False,False
GL087464E27517N,Koshi,Arun,0.0463644296165,513.4677916625637,208.6841219079415,7901.0246291636995,15482.687917987254,22682.38453354181,0.2375485187185493,Arun,Low,13,False,False
GL087586E27666N,Koshi,Tamor,0.0200743357201,194.3402898688585,39.977322777943705,2364.8115369505745,5068.470590493043,8975.786415279614,0.2373855496975008,Tamor,Low,13,False,False
GL087206E27691N,Koshi,Arun,0.0925137240748,510.17737696704603,138.3709760323326,5001.5559013234415,15177.518536222753,22391.888445835488,0.2348416161962189,Arun,Low,13,False,False
GL083188E29571N,Karnali,Mugu,0.0611352064985,394.45350156100636,58.76593350781223,5847.816282480561,15243.647360876204,27800.65770371381,0.23245382516670357,Mugu,Low,13,False,False
GL084458E28656N,Gandaki,Marsyangdi,0.0887450557531,281.55947708182526,44.64312147764787,4516.267228009263,29137.431579923552,35497.51763916016,0.23230396633581163,Marsyangdi,Low,13,False,False
GL083329E28787N,Karnali,Bheri,0.352578617432,247.4574067736988,52.30078894898909,7820.243773463297,45994.586553239315,56633.34446300432,0.23152736681922445,Bheri,Low,13,False,False
GL082302E29453N,Karnali,Tila,0.0516813960474,501.4875498608306,96.8192080410381,3746.30673728179,8287.133741728034,15098.20813078039,0.2286810845955371,Tila,Low,13,False,False
GL087306E27918N,Koshi,Arun,0.099634060717,502.374773839167,118.6459701851842,10846.924867938596,21461.53997643702,36071.24468497482,0.2284227030676184,Arun,Low,13,False,False
GL086913E27893N,Koshi,Dudh Koshi,0.115187581099,903.0887225689653,36.43383828591499,8369.111080222741,36661.20236665429,50715.5161895752,0.22419599411025032,Dudh Koshi,Low,13,False,False
GL087626E28044N,Koshi,Arun,0.0397016450446,496.9850276612486,28.177494809479338,4608.442543459372,13001.347313705142,21253.302740807623,0.2239887581476659,Arun,Low,13,False,False
GL086446E27929N,Koshi,Tama Koshi,0.0692161692032,499.4258937821716,71.41965844701804,6722.6856689891665,18962.76106303403,29628.06706151027,0.2238999897784152,Tama Koshi,Low,13,False,False
GL087815E27910N,Koshi,Tamor,0.0353980837452,188.63060674159811,77.67315212744002,2683.724580582499,7955.823965879875,13148.508493071911,0.22389247942380017,Tamor,Low,13,False,False
GL087489E28773N,Koshi,Arun,0.10231126656,494.59872679871825,90.09077292322276,9501.631718861836,43946.655060778765,55099.68365463556,0.22202563665035985,Arun,Low,13,False,False
GL081450E30404N,Karnali,Humla,0.0489219753377,473.4021648759607,31.241465959359065,5098.8438841018715,13185.99004784033,22264.92002105713,0.2212034204924622,Humla,Low,13,False,False
GL086559E27703N,Koshi,Dudh Koshi,0.079569752024,896.1406534760042,165.04232269696666,4454.602056654631,11759.948211485802,28448.19342100854,0.220034018177498,Dudh Koshi,Low,13,False,False
GL087428E28717N,Koshi,Arun,0.0624912087712,491.26133219647687,107.37957241410942,6453.757126552858,21001.278561751187,28399.48203277588,0.21928008549562994,Arun,Low,13,False,False
GL084319E28615N,Gandaki,Marsyangdi,0.0252732187825,268.0658963618315,285.6437301735896,3644.0013436909076,6918.659246798553,12227.365532130822,0.2179585999235616,Marsyangdi,Low,13,False,False
GL087406E28734N,Koshi,Arun,0.184374767571,487.3463229058773,78.62927472592092,21804.215173567783,66880.4700211469,92598.3577244179,0.21605935209138538,Arun,Low,13,False,False
GL081446E30316N,Karnali,Humla,0.0568014095138,468.1965578317185,162.54576843270524,6730.508114479176,13270.255689367235,24090.65210313984,0.21449850491832811,Humla,Low,13,False,False
GL088078E27835N,Koshi,Tamor,0.162670493344,184.62835031882184,36.42933381053197,11567.59911077966,38147.11006971219,56026.155768510405,0.21443438412109264,Tamor,Low,13,False,False
GL086186E28269N,Koshi,Tama Koshi,0.128916255456,485.56130741927586,23.045852575721845,4578.913452294288,51618.31837286626,59492.34008789063,0.20994280788848793,Tama Koshi,Low,13,False,False
GL087062E28009N,Koshi,Arun,0.034607137079,479.09369838544484,280.0895430986936,5191.000809643001,13867.80320768745,19498.19742650051,0.20927022300056441,Arun,Low,13,False,False
GL082261E29650N,Karnali,Mugu,0.0241999357901,384.70371649753844,184.44463657508192,3716.154629468883,7947.195035880939,11692.044296264648,0.20880175499377465,Mugu,Low,13,False,False
GL087583E27986N,Koshi,Arun,0.122761940438,478.3413346354497,165.65453489388568,15960.658572281971,38372.91066758284,52617.02797049728,0.2086512811585692,Arun,Low,13,False,False
GL087277E28111N,Koshi,Arun,0.0639385623121,474.24633711502725,80.05743079585518,6960.557093056782,20544.66441616559,29710.46300309125,0.20528247809187122,Arun,Low,13,False,False
GL087728E27842N,Koshi,Arun,0.0828225052569,471.7387465184582,84.8402317830662,10741.038282763619,22246.06332166853,36059.04178257362,0.20321957601449137,Arun,Low,13,False,False
GL084261E28462N,Gandaki,Marsyangdi,0.0223433677659,252.8312642625787,156.61561585633928,3207.634380955085,6008.428096279876,9634.96897125244,0.20176227782384037,Marsyangdi,Low,13,False,False
GL086330E28151N,Koshi,Tama Koshi,0.0749501881192,476.36615349264764,6.898255598991783,6798.433057393916,21658.636583524447,31721.81877294802,0.20068624353808748,Tama Koshi,Low,13,False,False
GL082225E29647N,Karnali,Mugu,0.0334369307075,380.37573948001034,59.35438033339552,2918.700466495139,7194.743084684576,13358.685076305914,0.1983024859884549,Mugu,Low,13,False,False
GL087423E28008N,Koshi,Arun,0.0472570320691,463.585392713064,92.38407491323079,6991.6136101820775,14854.652873612025,21890.529652853573,0.1965121132708626,Arun,Low,13,False,False
GL085414E28082N,Gandaki,Trishuli,0.159241132439,394.2579837962626,1.3112717767887658,13719.214352584024,62888.063915757855,78403.8797454834,0.19551511717163336,Trishuli,Low,13,False,False
GL087421E28754N,Koshi,Arun,0.0516809007665,461.3910787635421,137.87940742112448,5589.533393893157,21658.660865226735,27428.642150878903,0.1947069323090717,Arun,Low,13,False,False
GL086935E27838N,Koshi,Dudh Koshi,0.268382292211,852.6178523682813,-11.868586649138834,34235.07570755865,89201.99525338887,143783.42736696723,0.1939633432442539,Dudh Koshi,Low,13,False,False
GL083879E28697N,Gandaki,Marsyangdi,0.0450149357445,243.49077779272224,9.696923518718387,3937.986902026592,12320.545974687719,18266.43560028076,0.19183217078559406,Marsyangdi,Low,13,False,False
GL081860E30346N,Karnali,Humla,0.163660420557,449.6546759163407,-6.152215880458233,12877.0107780754,23771.20446665492,46275.98192596436,0.19061622725665148,Humla,Low,13,False,False
GL082239E29692N,Karnali,Mugu,0.0332280667543,376.85032241811433,171.61357883138658,4403.126062524246,7758.079824665697,15059.115382445092,0.18975015266069367,Mugu,Low,13,False,False
GL086680E27975N,Koshi,Dudh Koshi,0.571352607072,840.7703728185788,11.226652499912477,32857.28691377779,168500.06319422196,213269.93170166016,0.1868665622407963,Dudh Koshi,Low,13,False,False
GL087031E28072N,Koshi,Arun,0.0387685503189,450.1519091883348,127.9708699150528,3017.904487443245,9331.108289151889,13537.370819091797,0.18546088301520275,Arun,Low,13,False,False
GL082457E29732N,Karnali,Mugu,0.0471137084251,373.6643336173819,44.214742651689704,3060.6996638775468,7871.201240424476,11509.590507507324,0.1820212406698599,Mugu,Low,13,False,False
GL088543E28065N,Koshi,Arun,0.0890774547159,441.4490379858732,51.6944087394976,5239.922696035088,38614.62277701537,45274.17906951904,0.17830135262483862,Arun,Low,13,False,False
GL080712E30263N,Karnali,Kali,0.0322753926415,181.71592610118162,88.70745823295546,3216.860154797446,10317.414173935189,15479.87349946265,0.17774220080838746,Kali,Low,13,False,False
GL081542E30273N,Karnali,Humla,0.0378884007617,438.59165752964077,212.43124408299434,4881.627214164816,8240.884775983945,16526.168210556927,0.17636686043977634,Humla,Low,13,False,False
GL083895E28709N,Gandaki,Marsyangdi,0.0218839476552,227.34262784757743,191.8201992922151,1907.1929121005942,4346.743372288584,7251.8974997726145,0.1746646647951482,Marsyangdi,Low,13,False,False
GL085782E28271N,Koshi,Sun Koshi,0.0819848596832,904.7599383187536,268.11996295435915,9715.036935508213,25084.32184802669,35786.86520373774,0.1740293987909414,Sun Koshi,Low,13,False,False
GL081387E30296N,Karnali,Humla,0.279403227981,435.1440449994752,-54.46490881568569,14824.60652673483,45178.97666060273,70911.52819824219,0.17192627344374967,Humla,Low,13,False,False
GL086383E27779N,Koshi,Tama Koshi,0.0347140238027,447.3785986468188,91.06990202983563,4557.298088864331,10138.402898288456,15280.151118648751,0.1715050934527001,Tama Koshi,Low,13,False,False
GL080886E30048N,Karnali,Kali,0.0231639844912,179.77076283647872,60.17235333899392,1990.1267605030152,8101.840424039677,11773.274755051558,0.1707377298478725,Kali,Low,13,False,False
GL082245E29110N,Karnali,Tila,0.0256110325245,477.0826040500147,843.9194259200729,3100.929781568343,7660.527404375493,11153.469898358511,0.17019921226536677,Tila,Low,13,False,False
GL084083E28751N,Gandaki,Marsyangdi,0.0302917377761,221.9590371613359,75.80627728460013,3066.69207654005,6781.371669448232,10569.9437789917,0.16894123358661225,Marsyangdi,Low,13,False,False
GL086264E28136N,Koshi,Tama Koshi,0.0218469246988,442.9237423404236,50.36600655349385,2862.059681318979,7977.831484465219,11205.690093186322,0.1670204851034568,Tama Koshi,Low,13,False,False
GL086709E28038N,Koshi,Dudh Koshi,0.15970575375,807.514718192622,38.2192374194746,9276.742851012068,28012.020276787996,42083.19424701766,0.1669460300282749,Dudh Koshi,Low,13,False,False
GL087550E27612N,Koshi,Tamor,0.0275619781486,164.3315299543938,105.19146561415383,3574.329128702277,6432.7159847806115,10813.688373401115,0.1664691262589961,Tamor,Low,13,False,False
GL087574E28222N,Koshi,Arun,0.0730853662271,426.5281174391566,27.171528241300418,4777.92172839518,33388.36622371299,38223.7959957048,0.1660264629222069,Arun,Low,13,False,False
GL083044E28737N,Karnali,Bheri,0.021129954611,225.5403016386913,83.1536572386454,1828.47220828065,3728.9403880100626,7998.628184987985,0.1654157854220181,Bheri,Low,13,False,False
GL081338E30402N,Karnali,Humla,0.0571142593594,424.76426365364733,29.349715417039608,4696.900374351509,12586.417286254056,28024.870780944824,0.15855692823381376,Humla,Low,13,False,False
GL087431E27932N,Koshi,Arun,0.0365872504195,413.3582943658845,344.84692025123826,3407.071335810668,7309.296334495947,10918.66501566569,0.15519213637235055,Arun,Low,13,False,False
GL085838E28285N,Koshi,Sun Koshi,0.0657374190097,782.4608521203199,145.2706317605241,7630.143951977787,23295.634341373127,32022.85605621338,0.15495073228661427,Sun Koshi,Low,13,False,False
GL081872E30324N,Karnali,Humla,0.0385063129153,421.93458183221173,9.256201544467729,4304.900842066069,8241.260436093431,16948.566581726074,0.15491224711341053,Humla,Low,13,False,False
GL081919E30335N,Karnali,Humla,0.108570565949,420.3151653581605,20.952470657517875,6255.54837267933,29007.182391442577,42065.78366088867,0.15282640954526655,Humla,Low,13,False,False
GL082086E30353N,Karnali,Humla,0.0579996002404,415.5229166722562,385.1849284265341,6234.853251675814,11552.486912258142,23480.21292114257,0.14665390697713981,Humla,Low,13,False,False
GL084850E28826N,Gandaki,Budhi Gandaki,0.0542881696572,68.3301821893828,34.44670793315116,3100.356328159305,18020.82569615521,24532.93074388691,0.14569485716937763,Budhi Gandaki,Low,13,False,False
GL080883E30053N,Karnali,Kali,0.0360634291191,172.75536832540325,66.86735147284318,4561.149079180076,13123.059972134184,20024.86126604268,0.14547551766184832,Kali,Low,13,False,False
GL082214E29911N,Karnali,Humla,0.0551828892152,414.52783055863364,25.93439308237569,4440.46706445622,11159.234482403002,19278.8334607891,0.14537221815120122,Humla,Low,13,False,False
GL087581E28048N,Koshi,Arun,0.0714132159541,396.9282398027442,59.08790482376401,6306.868488271586,25061.67186177342,32450.5213867786,0.141675737907569,Arun,Low,13,False,False
GL085897E28268N,Koshi,Sun Koshi,0.0528745391907,681.5618753858593,138.46175847017412,5933.790091900816,20045.776944604935,25343.592627581427,0.13921048444354175,Sun Koshi,Low,13,False,False
GL086119E28117N,Koshi,Tama Koshi,0.0683010249555,414.87659125382504,78.08988358464504,11835.660923029527,17600.3769613896,31544.898612976074,0.13878601932396945,Tama Koshi,Low,13,False,False
GL081871E30302N,Karnali,Humla,0.0750180622288,408.38503739238445,35.35654098913916,8331.071106937372,14088.597933315548,28157.4682472977,0.1374601899825317,Humla,Low,13,False,False
GL085907E28323N,Koshi,Sun Koshi,0.163223367511,666.9281716818355,108.1228733445603,11029.237882563868,46104.96050086388,65163.57679748535,0.13692762558195376,Sun Koshi,Low,13,False,False
GL085827E28286N,Koshi,Sun Koshi,0.0683538288565,660.883632136491,32.74037449870473,7164.226330607975,22506.956392212833,32724.466903686523,0.13598467696522631,Sun Koshi,Low,13,False,False
GL082201E29648N,Karnali,Mugu,0.030903862799,354.126187000961,65.70295776339412,2761.4578593035,6319.902243214602,11171.94143521178,0.134623517354697,Mugu,Low,13,False,False
GL085919E28138N,Koshi,Sun Koshi,0.105812407471,649.3473806776176,103.09073984722504,8302.77801252127,25416.279395230893,35228.64488220215,0.1341850208832766,Sun Koshi,Low,13,False,False
GL086530E28135N,Koshi,Tama Koshi,0.999981545581,405.52976549440666,-9.656503109878047,43677.84411002758,173442.38359435988,236505.481590271,0.12937677019074012,Tama Koshi,Low,13,False,False
GL087593E28744N,Koshi,Arun,0.0445573105759,377.2365401565766,72.93228756939072,4784.814935462187,16243.059888965729,21228.701217651367,0.1254761046170312,Arun,Low,13,False,False
GL087661E27780N,Koshi,Arun,0.0467477094962,377.12761185557116,58.74154163195923,5712.471669154613,14905.021935786597,20007.262588500977,0.1253864933309078,Arun,Low,13,False,False
GL085871E28194N,Koshi,Sun Koshi,0.0772503638718,591.3532476297363,121.53854249163032,9278.165831062113,27642.792938186387,38355.43725406422,0.12513793183280852,Sun Koshi,Low,13,False,False
GL082532E29963N,Karnali,Mugu,0.0317248059007,350.0780918539714,591.2572815633473,4385.291530802817,6893.982964701244,13555.75926208496,0.12480321569060723,Mugu,Low,13,False,False
GL086192E28095N,Koshi,Tama Koshi,0.0743236321747,396.92233796484476,12.391843321193502,6891.260554139753,24695.518189627302,34803.12941741943,0.12071185740574945,Tama Koshi,Low,13,False,False
GL085617E28351N,Gandaki,Trishuli,0.0420281238491,347.9192649085112,132.0386311950934,4762.354464176043,11523.865773942352,16839.787127565873,0.12035336307317582,Trishuli,Low,13,False,False
GL081473E29982N,Karnali,Humla,0.0308409826465,394.85411502613744,162.5346728561844,2803.412633669375,7090.249276542376,10069.761100769045,0.12003211841762243,Humla,Low,13,False,False
GL081398E30338N,Karnali,Humla,0.0207879651075,394.5990775751313,102.32588380993539,2787.7322497465925,5999.385383205501,9688.741098321652,0.11970362559004143,Humla,Low,13,False,False
GL087518E27990N,Koshi,Arun,0.0430606222917,360.84343997944615,96.80522603944233,3644.2423680413376,8992.434483452475,14042.83784227558,0.1119901071594046,Arun,Low,13,False,False
GL083660E29161N,Karnali,Bheri,0.0245228555145,207.45402775332747,527.2727774156162,1826.7161828239357,4101.063129177641,6874.306251525879,0.11085966768754033,Bheri,Low,13,False,False
GL086321E28178N,Koshi,Tama Koshi,0.0428694755539,386.8529958304546,63.00769549512514,4622.182576734252,14033.038886998609,19583.92678833008,0.11057526652571405,Tama Koshi,Low,13,False,False
GL081875E30277N,Karnali,Humla,0.0546900923068,387.3628750324971,18.4945551579872,5248.158325943047,16417.989962241518,26683.027923583984,0.11038326646317234,Humla,Low,13,False,False
GL087490E27953N,Koshi,Arun,0.0235737233692,358.0057634825031,252.8032800633947,3934.637808791965,8031.42522854352,13001.328966626932,0.10965565561516719,Arun,Low,13,False,False
GL085796E28265N,Koshi,Sun Koshi,0.0490468726133,482.63171746702534,144.18174322399753,6874.177763195214,15560.767668681197,22679.87251757453,0.10817736507559697,Sun Koshi,Low,13,False,False
GL087596E27705N,Koshi,Arun,0.0315450948632,356.13383278940273,91.53952054921649,4019.6505764422627,11798.586631827835,15610.952407836914,0.10811568743982333,Arun,Low,13,False,False
GL083605E29051N,Karnali,Bheri,0.0358385960745,206.46397535607295,91.16387587021893,3190.7980422240803,8124.777995818125,13449.455974264709,0.10787323634793591,Bheri,Low,13,False,False
GL086103E28253N,Koshi,Sun Koshi,0.151709794162,472.41240589229926,7.270674612378827,7855.18323812178,43919.58055438104,55386.816776500025,0.10658315171310574,Sun Koshi,Low,13,False,False
GL082813E29246N,Karnali,Bheri,0.0375839904509,204.8382224763731,37.131713960222825,4997.856757306042,7499.566312326744,14877.645479748297,0.10296925413057896,Bheri,Low,13,False,False
GL087257E27981N,Koshi,Arun,0.076705011814,349.3923032154427,190.947525270628,5691.637736143172,17203.540132049056,22951.51234896791,0.1025696802958071,Arun,Low,13,False,False
GL087869E27988N,Koshi,Arun,0.0794939632057,345.54785025706997,193.83958327665084,7757.983395551714,16457.949927786573,26710.93766006769,0.09940699097759569,Arun,Low,13,False,False
GL082214E29663N,Karnali,Humla,0.0345962778772,378.2478255415138,128.71727636642078,3772.710227870271,7114.94834679651,12729.69570159912,0.09864291864750396,Humla,Low,13,False,False
GL082506E29889N,Karnali,Mugu,0.0453850635077,338.1133383011364,117.42838644394595,4098.985225941868,10532.828542694966,16408.915623384364,0.09577783833189904,Mugu,Low,13,False,False
GL087650E28137N,Koshi,Arun,0.059999792114,341.09824290646503,268.38493380175197,7579.076498152637,19802.87047046184,29386.92747698017,0.09574646351364414,Arun,Low,13,False,False
GL086086E28221N,Koshi,Sun Koshi,0.0874840388587,392.0868074079707,11.486212687483107,6901.557145362434,22832.435452353362,32986.001128252814,0.09405235240070159,Sun Koshi,Low,13,False,False
GL085856E28412N,Koshi,Sun Koshi,0.048112513223,389.523800818475,112.1739878366087,3515.0217466533045,17458.758388812726,21381.928192138672,0.09365252318292606,Sun Koshi,Low,13,False,False
GL085633E28310N,Gandaki,Trishuli,0.0745651337423,329.16423579624825,-3.724729826957011,5695.90141338026,26631.865745288967,36313.48780059815,0.08993256336008895,Trishuli,Low,13,False,False
GL085028E28662N,Gandaki,Budhi Gandaki,0.02565049921,51.23566646662237,46.909862692241575,2288.3005151016014,6379.848232820491,9092.441833496094,0.0895143506222535,Budhi Gandaki,Low,13,False,False
GL082711E29821N,Karnali,Mugu,0.197641317858,335.47668207123667,3.9398171940847826,40923.3350595797,73972.45643068431,120316.40569185742,0.08938155597638858,Mugu,Low,13,False,False
GL082407E29666N,Karnali,Mugu,0.0409255281935,335.0699876585955,166.35922929047518,3632.0557442940435,8196.439231039425,13422.055381774902,0.08839495322318844,Mugu,Low,13,False,False
GL085783E28287N,Koshi,Sun Koshi,0.0663446661123,341.9945667658921,89.40405072405657,4746.305862624123,22762.824859372886,29974.75439456117,0.08623795915074649,Sun Koshi,Low,13,False,False
GL086131E28294N,Koshi,Sun Koshi,0.262314199186,335.7136749251176,9.330745790455044,10631.656363845372,77206.54552178478,95091.13055285285,0.08525813955842788,Sun Koshi,Low,13,False,False
GL087341E27836N,Koshi,Arun,0.170635416421,328.1002826979178,18.267662876155075,5442.522885033326,29154.314006116125,36637.82773087446,0.08505352218877245,Arun,Low,13,False,False
GL082397E29466N,Karnali,Tila,0.0706586404179,440.91090343223,8.030832695131346,6622.480491484165,27080.66843844913,37558.80402419146,0.08352052041771177,Tila,Low,13,False,False
GL086225E28346N,Koshi,Sun Koshi,0.576772805744,323.54952094290576,274.5545233744127,46022.403257554586,86944.00926971667,146276.1787829231,0.08336053063633543,Sun Koshi,Low,13,False,False
GL087684E27779N,Koshi,Tamor,0.0261517338526,129.14709349330002,28.781879279831102,2307.5468221033298,7585.42158778264,10131.11734346876,0.0833215919512759,Tamor,Low,13,False,False
GL085931E28272N,Koshi,Sun Koshi,0.0497070816602,314.49899198223454,17.24130458091221,4770.665800171448,15896.86176236758,24042.70732496673,0.08194864744819585,Sun Koshi,Low,13,False,False
GL087417E28139N,Koshi,Arun,0.0545707163169,324.25846244238306,57.8805805799496,3648.276829871943,10929.96376304799,17122.015950012206,0.08189299869785402,Arun,Low,13,False,False
GL085944E28066N,Koshi,Sun Koshi,0.0530681801733,307.4026081621948,31.30101252569321,7312.431402328556,20991.840228842248,29083.02063888849,0.08084161104671721,Sun Koshi,Low,13,False,False
GL082177E29692N,Karnali,Humla,0.0659313305199,362.8399779757251,110.79382595246643,3049.8582984257837,8608.779795075614,13621.456930003447,0.07879733364085086,Humla,Low,13,False,False
GL087972E27594N,Koshi,Tamor,0.0216005486717,127.03405780673077,24.71058434425259,1234.6561379827806,7490.710736631735,9450.979294331866,0.07832808559124844,Tamor,Low,13,False,False
GL085804E28223N,Koshi,Sun Koshi,0.0573559866752,275.08469665599677,126.14844708212789,6473.528328085212,17548.87272698358,26081.687414341348,0.07580001445831192,Sun Koshi,Low,13,False,False
GL085913E28333N,Koshi,Sun Koshi,0.024712315129,266.58243028311546,306.0607400906461,2958.6515146781394,7008.823757803387,11751.12085723877,0.07447366027447146,Sun Koshi,Low,13,False,False
GL084717E28336N,Gandaki,Marsyangdi,0.0301733036323,132.86874480392382,109.09084980035841,2229.1380725177664,7035.483969495954,10731.85011180803,0.07422709401446266,Marsyangdi,Low,13,False,False
GL081726E30173N,Karnali,Humla,0.0393803200665,358.26562830130393,46.26557855910941,4604.255085988455,8004.628704573916,14906.227478027344,0.072905488921706,Humla,Low,13,False,False
GL085903E28319N,Koshi,Sun Koshi,0.0580327783309,247.71247589745957,34.46767950847349,3596.7529044058692,20192.90142761737,26383.09318695068,0.07152994599281556,Sun Koshi,Low,13,False,False
GL081448E30320N,Karnali,Humla,0.0287594480007,357.1513544378135,436.4660200729959,3552.678529948509,6172.458663712584,11270.86296081543,0.07147028412855295,Humla,Low,13,False,False
GL085816E28244N,Koshi,Sun Koshi,0.0357984123862,239.9018206354103,36.04522891922631,3200.6119674173415,12153.026535011166,15447.031372070312,0.07031148319348506,Sun Koshi,Low,13,False,False
GL085770E28309N,Koshi,Sun Koshi,0.0318095804191,237.59580705326664,58.156669665004266,2078.9599517244865,10740.514972165482,13420.294075012209,0.06995174490388914,Sun Koshi,Low,13,False,False
GL082269E30023N,Karnali,Humla,0.0314531777932,355.551171298316,160.52689446531548,2799.4422749065875,5497.929235683343,10096.057571411133,0.06940921944151499,Humla,Low,13,False,False
GL087280E27974N,Koshi,Arun,0.0988604372413,308.8483970855798,29.2192158221435,8138.993283561391,28492.271480315194,40736.41539001465,0.06921570764380235,Arun,Low,13,False,False
GL087692E27888N,Koshi,Arun,0.0302836748161,308.33953415702814,67.76171784315235,2752.9001040024136,9094.677323342808,12300.324638725731,0.06879708492530633,Arun,Low,13,False,False
GL081426E30404N,Karnali,Humla,0.128645693025,354.56912649130567,-8.708047183811725,11895.174446467663,41339.13376612139,65074.97625732422,0.06814432805323704,Humla,Low,13,False,False
GL085817E28239N,Koshi,Sun Koshi,0.0378501359965,223.6985194090546,18.888964000649434,4420.7650978137945,11547.79591611744,18783.03507232666,0.06778376700217018,Sun Koshi,Low,13,False,False
GL086204E28227N,Koshi,Tama Koshi,0.0531440047391,344.15758260765165,173.97114570926223,5373.567258270356,13439.200033104436,21067.360649108887,0.06759470925420197,Tama Koshi,Low,13,False,False
GL085825E28051N,Koshi,Sun Koshi,0.0851619353353,219.55209658589385,28.428950800240987,9588.009153971047,33541.4099674829,42183.25512602563,0.06713692473467638,Sun Koshi,Low,13,False,False
GL087070E28172N,Koshi,Arun,0.029450744257,304.63378795285956,70.02591586246115,1758.0875855633078,10434.386419475204,12949.20438040939,0.06574850452574611,Arun,Low,13,False,False
GL085838E28061N,Koshi,Sun Koshi,0.0414212615796,209.42948714710215,17.33474373810026,5411.56595947578,13682.47444035687,20104.39369297402,0.0655577969125526,Sun Koshi,Low,13,False,False
GL087331E27824N,Koshi,Arun,0.0572773144746,304.0083086258326,123.88706699337233,7652.623229850791,17509.735962275394,27696.55169737573,0.06523394580756961,Arun,Low,13,False,False
GL087553E27640N,Koshi,Tamor,0.0282360885812,121.14316276742638,45.28957950841029,3579.3019522981635,7502.627482717753,11825.316925048828,0.0644067770056934,Tamor,Low,13,False,False
GL085855E28389N,Koshi,Sun Koshi,0.0627461388495,198.9257418100904,49.75080599245372,2832.4082820943245,15724.042471124754,21514.879125078987,0.06391921186207988,Sun Koshi,Low,13,False,False
GL082108E30214N,Karnali,Humla,0.0376616695503,351.20667558097585,31.318566656859176,6023.81268818852,9958.594795705756,17696.363747480806,0.06381343075647158,Humla,Low,13,False,False
GL087625E27673N,Koshi,Tamor,0.066350333611,120.70999395448108,33.53199672703511,9667.8156605953,22016.65504421274,31385.98049035166,0.0633831164796756,Tamor,Low,13,False,False
GL082353E29729N,Karnali,Humla,0.0211168690264,349.0389271481955,62.06521969184994,3217.3976791400155,7028.276325217775,10446.379142521875,0.061021331755485714,Humla,Low,13,False,False
GL087403E28128N,Koshi,Arun,0.0964284477855,298.3385044776011,-9.327314898872704,5916.216078917672,33639.501957596774,41956.00100827684,0.06056960754927221,Arun,Low,13,False,False
GL086844E27742N,Koshi,Dudh Koshi,0.268641842924,629.723431767678,28.247738165238275,11067.936988372012,86870.72684544812,100196.4186346914,0.060446937222285266,Dudh Koshi,Low,13,False,False
GL085397E28038N,Gandaki,Trishuli,0.026762893513,310.97578638327883,94.44479638614455,3001.4921646097587,7003.826221784819,10546.680727790384,0.06043076022389567,Trishuli,Low,13,False,False
GL086258E28373N,Koshi,Sun Koshi,0.295100086608,174.21364279042024,81.99591648664818,29197.507376671707,61153.71548373767,115684.81601975384,0.06006412258485326,Sun Koshi,Low,13,False,False
GL085827E28138N,Koshi,Sun Koshi,0.0258235049548,170.7889653416911,19.642724500959886,2102.1152690484478,5028.144361205411,8345.926010131836,0.05952987264922266,Sun Koshi,Low,13,False,False
GL088075E27946N,Koshi,Arun,1.48366016595,297.0161527075149,47.34507700883477,87744.53272975408,254892.19118801705,440056.81238178926,0.0594817576357855,Arun,Low,13,False,False
GL085926E28287N,Koshi,Sun Koshi,0.0455934310462,169.0724416489902,29.792668141348766,3424.423392462431,16423.323566819963,21231.23303222656,0.05926209482603696,Sun Koshi,Low,13,False,False
GL085766E28305N,Koshi,Sun Koshi,0.0211687093874,158.98430109893272,86.42888657905688,2239.3545298536933,6872.460878080479,9677.49183541092,0.057688344153108466,Sun Koshi,Low,13,False,False
GL084124E28820N,Gandaki,Marsyangdi,0.0374857195893,116.90228035467987,11.866440806407338,2438.9065926686235,11172.179268108845,13890.691909670362,0.05725274246275131,Marsyangdi,Low,13,False,False
GL081639E29859N,Karnali,Kawari,0.0491397915944,173.90096328035068,50.32697924262746,4089.863769938031,8544.085844870175,14441.392739628813,0.05483012499874039,Kawari,Low,13,False,False
GL086034E28009N,Koshi,Sun Koshi,0.0248985616813,137.53984887078525,30.107710761369226,3202.693272327508,8156.071189974731,10906.527854919434,0.05434300801735866,Sun Koshi,Low,13,False,False
GL085049E28790N,Gandaki,Trishuli,0.0555128792899,306.6894126841132,145.00823137566113,4262.138660629111,14315.932862637665,20520.95393371582,0.05347822951774488,Trishuli,Low,13,False,False
GL087481E28712N,Koshi,Arun,0.0598995107994,289.37837518816593,131.45580009488756,4995.311296763156,21274.126907125392,27111.27923963958,0.05319844044166779,Arun,Low,13,False,False
GL084061E28679N,Gandaki,Marsyangdi,0.0415178450993,112.6302506583078,35.56785729286484,2312.8874447066396,8756.12569787211,16346.335174560549,0.05271103981241885,Marsyangdi,Low,13,False,False
GL085770E28314N,Koshi,Sun Koshi,0.0240561447447,123.70516895474185,35.81774492752959,2192.6718975092726,8000.830328458899,10439.987665722418,0.052184796925870684,Sun Koshi,Low,13,False,False
GL087548E28712N,Koshi,Arun,0.405944878601,287.9590688281742,25.932375475606168,25235.884059819688,106717.8017888686,144900.13497347364,0.05203082957150766,Arun,Low,13,False,False
GL085914E28356N,Koshi,Sun Koshi,0.020630814901,118.98937833178178,17.500009213009342,1656.8295025431235,6872.468509380634,8679.949317932129,0.05144913323944127,Sun Koshi,Low,13,False,False
GL087896E27943N,Koshi,Arun,0.0933871355104,286.18855454688077,47.534380232148365,4350.027320322996,36357.83886480086,43497.215185157926,0.05057429292876052,Arun,Low,13,False,False
GL087869E28025N,Koshi,Arun,0.0420405258756,285.3812909712132,84.46456522860957,1967.8892904536585,11895.519089971805,15156.574388601266,0.049910187029848556,Arun,Low,13,False,False
GL083997E28744N,Gandaki,Marsyangdi,0.0239969777514,109.23960533199644,27.272778237610368,2064.5378256291106,7753.955436543139,9784.383247375488,0.049106359143198976,Marsyangdi,Low,13,False,False
GL087472E28068N,Koshi,Arun,0.0377653392886,283.26125607727863,36.97429258736359,3813.6623511283638,8402.44648928865,14410.071088334626,0.048166112700969155,Arun,Low,13,False,False
GL086073E28032N,Koshi,Sun Koshi,0.027784996891,87.86216752887212,-4.040681337157148,2752.4445865493703,6930.047977287557,11283.528051309026,0.04659328604893129,Sun Koshi,Low,13,False,False
GL085878E28260N,Koshi,Sun Koshi,0.0364775548333,87.45703459914147,54.237284575279595,4794.605064645328,11509.277483419703,16322.172401428224,0.04653008528188949,Sun Koshi,Low,13,False,False
GL085879E27989N,Koshi,Sun Koshi,0.0652681616514,73.93308403559251,3.390065994397907,6901.489833088398,19517.737993024595,28502.64594268799,0.044420347992403,Sun Koshi,Low,13,False,False
GL085836E28258N,Koshi,Sun Koshi,0.0207098716103,70.03409322250826,8.86076386780707,1839.7513128739683,6541.5118011497625,9302.059753417969,0.04381210513680576,Sun Koshi,Low,13,False,False
GL085871E28309N,Koshi,Sun Koshi,0.0288268841142,65.61850772011863,0.2273563791380001,1663.7783511943592,10316.267215483651,13328.10872003892,0.043123273471418276,Sun Koshi,Low,13,False,False
GL085806E28270N,Koshi,Sun Koshi,0.023423229099,55.707144861729184,17.169800677541765,1067.4977322097839,8742.933084414843,10441.806694030762,0.041577100131482005,Sun Koshi,Low,13,False,False
GL087553E28773N,Koshi,Arun,0.273077801129,275.2083907750622,62.01073995249809,27107.913059001632,66822.32869728055,111513.77819593842,0.041541318133812996,Arun,Low,13,False,False
GL086050E28124N,Koshi,Sun Koshi,0.0224361204875,53.707398217465695,28.938729522359154,884.1518270885355,4410.594614031808,5882.342279052735,0.041265139506877276,Sun Koshi,Low,13,False,False
GL085798E28275N,Koshi,Sun Koshi,0.0227854530306,52.184081541199966,25.292223171524086,2133.6622980511884,7966.205488043278,11765.379111585433,0.041027501992564226,Sun Koshi,Low,13,False,False
GL087605E27836N,Koshi,Arun,0.0810702686744,274.5179881032803,69.74120573400857,7449.625129713365,19909.296313706713,30378.13492751776,0.04097334938014318,Arun,Low,13,False,False
GL086127E28270N,Koshi,Sun Koshi,0.0202412133699,46.44233832578156,31.047487987656,2257.2305595368625,5875.42493891191,8686.877014160156,0.04013178962573009,Sun Koshi,Low,13,False,False
GL085918E28257N,Koshi,Sun Koshi,0.0215239133046,41.16479574859811,15.83389667438871,1462.1981038569902,7175.641965575527,9153.825292699476,0.03930849259283893,Sun Koshi,Low,13,False,False
GL087266E27982N,Koshi,Arun,0.0704688571638,272.15968264937595,118.86451931305622,4952.386328659175,14669.695517340613,20169.482096743115,0.03903325867051463,Arun,Low,13,False,False
GL087393E28693N,Koshi,Arun,0.0443167010193,271.97141900402676,79.48770717077028,3009.4667008244132,12905.04558873011,17837.21678077847,0.03887838112965236,Arun,Low,13,False,False
GL087628E28064N,Koshi,Arun,0.0432122225785,271.68377606622744,22.026155078580288,2569.9005240523616,17430.87016994655,21352.58730253332,0.038641747918975254,Arun,Low,13,False,False
GL082516E29179N,Karnali,Tila,0.0627957098866,422.0825991202522,68.87677336329057,3620.65050387284,15444.067423783385,22739.56413915297,0.03840202281880774,Tila,Low,13,False,False
GL085033E28621N,Gandaki,Budhi Gandaki,0.0249154326954,35.67168099210834,16.190820800152323,1445.870444559575,9337.288786099582,11998.269357718673,0.038363876281171494,Budhi Gandaki,Low,13,False,False
GL083186E28958N,Karnali,Bheri,0.254094158493,183.30819808575347,6.086957202194327,40736.677394807266,85534.05029608263,149393.17620182404,0.038025277669437696,Bheri,Low,13,False,False
GL086057E28209N,Koshi,Sun Koshi,0.0293746509041,32.65679628273159,-3.2008799910787697,1023.4297772201243,3851.5488524078783,6612.532809238808,0.037981244046068195,Sun Koshi,Low,13,False,False
GL085878E28033N,Koshi,Sun Koshi,0.020842921007,27.94501043507506,14.85293889620341,1521.7323560778386,5797.176853038391,8039.775357833563,0.037246205104882725,Sun Koshi,Low,13,False,False
GL087469E28787N,Koshi,Arun,0.0426447095162,269.95807713001284,98.59721399491961,3788.4052145770916,13804.135339141432,18531.756430861533,0.037222079203787006,Arun,Low,13,False,False
GL085416E28616N,Gandaki,Trishuli,0.0262609605775,296.53712346480364,223.3331078980346,2737.837687113547,6423.71652671158,10794.576209423589,0.037011139271107364,Trishuli,Low,13,False,False
GL087078E27838N,Koshi,Arun,0.0385470680707,269.6368581621025,152.02646084483916,2956.886247028855,7956.4431799357835,11051.95393560073,0.03695782423445401,Arun,Low,13,False,False
GL087755E27618N,Koshi,Tamor,0.0360700792085,109.30448477937624,70.48399169063264,3475.3989796015017,9075.7408100249,13371.421651802812,0.03642972285398254,Tamor,Low,13,False,False
GL086033E27994N,Koshi,Sun Koshi,0.021019528079,17.045699588945883,-5.355895171127044,1314.6190143532297,4080.9731238064537,6934.581180019004,0.03554591180569242,Sun Koshi,Low,13,False,False
GL085788E28136N,Koshi,Sun Koshi,0.0278669550211,13.591249556933203,12.888456631848811,835.2745046583203,6866.806967020393,8199.683922561944,0.035007017344864666,Sun Koshi,Low,13,False,False
GL082094E30185N,Karnali,Humla,0.029263771492,328.77256046731617,336.6103367442041,3155.9487823759,5823.4913832674565,11716.788536071776,0.03491788667504333,Humla,Low,13,False,False
GL086179E28350N,Koshi,Sun Koshi,0.0227935929438,9.023143983005793,5.0056624895871895,1063.408393017358,7899.629676045551,10014.20929370955,0.03429439253702178,Sun Koshi,Low,13,False,False
GL086076E28159N,Koshi,Sun Koshi,0.0205989520317,-1.022186034025097,-4.053897947428212,1403.619619054526,6747.939170291953,8803.132843586045,0.03272732031041594,Sun Koshi,Low,13,False,False
GL087632E28069N,Koshi,Arun,0.0209605151943,264.2028000477958,458.35278847100005,2767.953402476229,4392.49239547062,8152.268827520632,0.032487425522661144,Arun,Low,13,False,False
GL085878E28193N,Koshi,Sun Koshi,0.0312174764837,-2.6336050849357715,36.283145944379434,3989.602198933235,11379.063081221773,15281.716958498488,0.032475938819133486,Sun Koshi,Low,13,False,False
GL086260E28356N,Koshi,Sun Koshi,0.0245672549969,-5.80025417982971,-43.89533607091507,2187.911364531479,4149.350847562441,7210.821107423071,0.03198194132581056,Sun Koshi,Low,13,False,False
GL087122E28015N,Koshi,Arun,0.0305112141748,263.24431161631844,142.66489096524444,2234.860811066259,7049.344887808547,10744.146151075176,0.031698912525705204,Arun,Low,13,False,False
GL087658E27770N,Koshi,Arun,0.033108568876,263.14797664133556,75.98431893485272,4451.1436379925135,8919.279441368599,14455.935386657717,0.031619661303321285,Arun,Low,13,False,False
GL081565E30387N,Karnali,Humla,0.0247730004675,325.1949821511623,267.77220686050305,2925.1637350107485,5960.526567277864,10400.074163249894,0.030309901407273986,Humla,Low,13,False,False
GL087437E28066N,Koshi,Arun,0.0293988954195,261.2409795577402,339.6017066043615,3222.520143025912,6111.445075894409,9617.381129545323,0.03005084530493275,Arun,Low,13,False,False
GL085073E28896N,Gandaki,Trishuli,0.053965176833,291.8583413319504,63.869806312644805,3712.09766232437,11960.454954692214,19889.50960385192,0.029422119104157343,Trishuli,Low,13,False,False
GL082444E29921N,Karnali,Humla,0.0754319176891,324.3960716913348,13.493707514169401,6988.903960329456,22006.730992110355,31722.367140586703,0.02928089035459356,Humla,Low,13,False,False
GL087023E28154N,Koshi,Arun,0.0405541508438,259.8181915008671,88.22599221161362,2590.105299551702,9134.711745069684,12195.549213364544,0.02888037017146772,Arun,Low,13,False,False
GL087305E27913N,Koshi,Arun,0.028558930954,259.68672072417394,295.69612942209767,3885.045126957638,6546.146929179058,11938.20228361242,0.028772214023998453,Arun,Low,13,False,False
GL086088E28246N,Koshi,Sun Koshi,0.0274572445773,-31.562411877451577,20.70144891690826,1268.0910140039,9221.869260122261,11519.589178795908,0.027963042817056975,Sun Koshi,Low,13,False,False
GL081420E30378N,Karnali,Humla,0.259727003519,322.1741970449397,-15.655494456113948,8587.833347146181,48147.40966037618,78850.36345672607,0.026419075816197752,Humla,Low,13,False,False
GL085933E28281N,Koshi,Sun Koshi,0.02531493846,-42.722482970356225,31.57199012740409,2208.697894968555,5890.506084325914,8862.477443201402,0.026222070900058004,Sun Koshi,Low,13,False,False
GL084259E28459N,Gandaki,Marsyangdi,0.061601078309,87.54360305154883,-21.604481797679057,1961.3790887945286,5692.380718526941,14099.77594089882,0.026040791237056316,Marsyangdi,Low,13,False,False
GL087916E27904N,Koshi,Tamor,0.0285282296705,104.54472533795011,12.934681538894132,2655.535580447444,7903.285692655123,12091.088725280762,0.025181503434862397,Tamor,Low,13,False,False
GL085836E28053N,Koshi,Sun Koshi,0.0315732535758,-56.00842182280243,5.723041646554656,3537.890773425479,9638.375994691229,12856.729983999214,0.024149463455130502,Sun Koshi,Low,13,False,False
GL086067E28163N,Koshi,Sun Koshi,0.02538021383,-58.204945074178575,5.67229978332097,1062.6781274226691,8484.78753231503,10763.072516946231,0.02380680566524309,Sun Koshi,Low,13,False,False
GL086521E28310N,Koshi,Arun,0.0388884099616,251.1625909310072,65.83479453191428,3528.5570496446408,9698.685431018675,16515.55466263715,0.02175972758293478,Arun,Low,13,False,False
GL085965E28314N,Koshi,Sun Koshi,0.0501106611223,-79.60188465870368,-20.316818437670733,3914.878578515745,21246.00667620813,26484.05952247171,0.020468881505417123,Sun Koshi,Low,13,False,False
GL087170E28118N,Koshi,Arun,0.0438260442699,248.58082134540294,53.79825683846157,4953.450199568864,13025.669112468739,20476.482554417034,0.019635801193696335,Arun,Low,13,False,False
GL085815E28079N,Koshi,Sun Koshi,0.0382755677389,-90.50623414151198,6.288184510342567,2587.7102790362314,11982.7156437064,15367.637584402048,0.018767802178531717,Sun Koshi,Low,13,False,False
GL087529E28174N,Koshi,Arun,0.0334420465937,246.69593716000588,68.96615607209353,4311.956010091615,10748.917458961452,15048.088477729343,0.01808517665913469,Arun,Low,13,False,False
GL086307E28170N,Koshi,Tama Koshi,0.0275269918908,294.6575658931786,132.42524220658072,2938.4223380267576,7116.513271765615,11929.28206697352,0.017764103511266352,Tama Koshi,Low,13,False,False
GL086791E27696N,Koshi,Dudh Koshi,0.122149999315,557.9238519068151,83.264678128712,8090.277078403478,22700.58174471848,35541.59847603593,0.017438135875537775,Dudh Koshi,Low,13,False,False
GL086047E27996N,Koshi,Sun Koshi,0.0267005641831,-101.03163219296559,-15.067492053926083,1066.532105284388,11346.322924443355,13413.894813956467,0.017125839303002485,Sun Koshi,Low,13,False,False
GL086688E28274N,Koshi,Arun,0.0647167029774,244.7695118044969,171.76645540586932,5546.304546823774,16036.630774434405,22813.157470703125,0.016500377739712153,Arun,Low,13,False,False
GL085909E28154N,Koshi,Sun Koshi,0.046373629577,-106.21891959810331,19.414382290462935,2427.558683556534,19905.42238897954,22354.331116889505,0.016316622083634685,Sun Koshi,Low,13,False,False
GL087246E28270N,Koshi,Arun,0.16856893375,244.36110625149044,14.696838425049519,9754.89466199262,41196.46539719295,52568.35453476252,0.01616439759013622,Arun,Low,13,False,False
GL087434E28750N,Koshi,Arun,0.0273682577075,242.82378402903942,135.3713317696518,3376.429221471783,8667.691038559211,13613.830629565668,0.014899699433014576,Arun,Low,13,False,False
GL085865E28168N,Koshi,Sun Koshi,0.0372916689399,-126.45973235600678,4.776440140996048,1641.1006716487457,15974.01148193958,19170.973675118246,0.013159053794383513,Sun Koshi,Low,13,False,False
GL084149E28825N,Gandaki,Marsyangdi,0.0954458784213,73.86516329077813,18.307588438212907,4786.832312655319,37749.73644790535,45124.71136845608,0.011498896510373554,Marsyangdi,Low,13,False,False
GL087491E28838N,Koshi,Arun,0.078870541085,236.22143002908567,144.9237005683408,7214.434341201213,27435.481664601786,36770.3273184982,0.0094681868883683,Arun,Low,13,False,False
GL083634E29089N,Gandaki,Kali Gandaki,0.0211885378904,143.01235926569973,153.74597074520156,3009.921900713912,5292.2426038808235,9839.622840881348,0.008329071665030332,Kali Gandaki,Low,13,False,False
GL087423E28054N,Koshi,Arun,0.0338458214946,234.56948885598146,45.10232920134034,3520.0020361817164,11239.761218735823,15304.929102729348,0.008109195958043143,Arun,Low,13,False,False
GL085802E28275N,Koshi,Sun Koshi,0.029618459565,-161.5919829768265,-28.321202921533317,1208.965289102238,8033.08130027345,10278.53884851792,0.007678420095669554,Sun Koshi,Low,13,False,False
GL086027E28069N,Koshi,Sun Koshi,0.0355080690634,-164.89968753889534,4.544626562296427,1825.3123629353981,13137.665026894596,15208.040420532228,0.00716241793902089,Sun Koshi,Low,13,False,False
GL081363E30290N,Karnali,Humla,0.0717339665483,306.80710051457834,96.60882748729256,8344.618004153197,25342.995341523925,36879.64828135173,0.006625978876695417,Humla,Low,13,False,False
GL087895E28021N,Koshi,Arun,0.109836342465,231.803091472422,15.249279731606247,5018.287806439859,51138.22650348094,58363.320969764856,0.005833383105175052,Arun,Low,13,False,False
GL087649E27746N,Koshi,Arun,0.0533238237569,228.19774866414468,53.55333293281343,6512.756222177194,16255.79709701423,25451.906200842765,0.0028674008674692704,Arun,Low,13,False,False
GL086520E28063N,Koshi,Tama Koshi,0.0277373132049,278.81206465238034,79.71263673380825,2391.453388053537,7583.018062360254,10670.85611632104,0.001812777076692592,Tama Koshi,Low,13,False,False
GL086158E28321N,Koshi,Sun Koshi,0.25614838636,-206.00219871185658,18.081510099218466,10325.198585677079,84203.42718095046,103755.37516784668,0.0007504231520201813,Sun Koshi,Low,13,False,False
GL087548E28091N,Koshi,Arun,0.0331606438033,225.34933895808936,-12.498264505176078,3930.997029633794,8789.817694522171,16847.351963477042,0.0005241195089053301,Arun,Low,13,False,False
GL086060E28170N,Koshi,Sun Koshi,0.0378825898828,-211.73174916082237,-10.7675279649856,3418.2891250904922,13215.995723005153,17321.147877322925,-0.00014338714234435782,Sun Koshi,Low,13,False,False
GL082300E30010N,Karnali,Humla,0.0885361693357,301.018651985542,12.25928926124203,7598.790893958515,15099.323540376,28115.203931322285,-0.000829647021025235,Humla,Low,13,False,False
GL086518E28172N,Koshi,Tama Koshi,0.039207329134,273.17428805353904,31.914961245220574,2030.037444925575,12472.1916092011,16335.498497009276,-0.003862651773848961,Tama Koshi,Low,13,False,False
GL087436E28729N,Koshi,Arun,0.0627895753577,219.86915786568977,121.83784214728934,6586.345313383453,14871.925262557039,26503.929808822333,-0.003984222871783469,Arun,Low,13,False,False
GL082084E29960N,Karnali,Humla,0.0307869774968,298.4523363183681,41.73783385403343,2722.6222000076878,5269.197052851198,11052.17391204834,-0.004135107794137349,Humla,Low,13,False,False
GL080886E30347N,Karnali,Humla,0.122931312719,298.1268824685214,-15.904395736367357,9348.913241401237,20663.886072608177,36469.92422485352,-0.00455429821092319,Humla,Low,13,False,False
GL085568E28397N,Gandaki,Trishuli,0.0609374368072,270.57504144170133,102.06317473299762,5920.0301975244265,17002.269401241898,28790.076521989413,-0.0050995550195843675,Trishuli,Low,13,False,False
GL087621E28250N,Koshi,Arun,0.0798532333489,218.33357765002165,42.12321566918715,6098.290288189136,34489.32983390843,44687.05503321628,-0.0052474879443273606,Arun,Low,13,False,False
GL087533E28211N,Koshi,Arun,0.0596527684396,217.85150782546702,71.23563027270889,7441.395170603223,19064.946681581616,28027.77558683508,-0.005644068966714563,Arun,Low,13,False,False
GL081324E30389N,Karnali,Humla,0.0446254353232,297.17488785940805,209.41552496991628,3514.0489913087063,7111.672053028411,13411.4652841007,-0.0057804844034049846,Humla,Low,13,False,False
GL087254E27969N,Koshi,Arun,0.0254393834926,216.69523549424102,415.95505274142255,3149.967606128775,6641.355506066139,10176.20388387044,-0.006595291465860389,Arun,Low,13,False,False
GL082192E29675N,Karnali,Humla,0.123327803623,296.4890929718774,-40.91600405996977,7710.076289015481,16567.87372959649,34311.29402157653,-0.006663800562881822,Humla,Low,13,False,False
GL087393E28728N,Koshi,Arun,0.0343496214732,216.12246717795415,44.31419602234617,3693.395448850614,11861.914138503958,17430.167914566337,-0.007066486784243778,Arun,Low,13,False,False
GL082473E29897N,Karnali,Mugu,0.0466135103316,295.45786482258865,69.60774738046038,5781.087822197139,10937.997021210498,18834.869384765625,-0.007700366100975519,Mugu,Low,13,False,False
GL088035E27475N,Koshi,Tamor,0.0210464924439,90.31356624824406,71.77046971925849,2549.196170134424,7279.208881929377,10276.541995269175,-0.008449439893117602,Tamor,Low,13,False,False
GL085424E28553N,Gandaki,Trishuli,0.0510856622341,268.03943599922036,53.8747287547492,4121.676054730403,20795.311549975824,25053.857976786298,-0.009212326311775642,Trishuli,Low,13,False,False
GL087636E27767N,Koshi,Arun,0.0249896091524,213.2337289615788,9.936511427385103,2749.242084826406,7810.016942698852,12163.80967281566,-0.00944294491729022,Arun,Low,13,False,False
GL086609E27674N,Koshi,Dudh Koshi,0.0652814378028,511.62324373951697,175.9807888900755,5791.722038432521,15393.286005998845,27274.869397391525,-0.010296478487942278,Dudh Koshi,Low,13,False,False
GL081582E29772N,Karnali,Kawari,0.0295899259373,138.9126246346507,-22.707172377895027,3038.874988841499,7918.4479372257565,12370.161727905272,-0.011550023582564616,Kawari,Low,13,False,False
GL080762E30411N,Karnali,Humla,0.037174381329,292.3226113989908,-18.82282850542844,3315.070684980892,6186.708721465833,13204.880674653898,-0.012030303825606907,Humla,Low,13,False,False
GL080511E30408N,Karnali,Kali,0.0333818887504,128.7041081189135,38.14951400733014,1891.4916858094111,9794.852520965991,12560.16112916236,-0.01315166725857728,Kali,Low,13,False,False
GL084254E28453N,Gandaki,Marsyangdi,0.0463092561114,49.586562398208656,-37.385462798409186,4554.546747524438,6119.831408887033,16818.78931427002,-0.014312297197804072,Marsyangdi,Low,13,False,False
GL086196E28242N,Koshi,Tama Koshi,0.198456608859,261.08996650253584,54.094222340606336,14449.737815486478,42114.3711169719,60121.52658081055,-0.01602767923944244,Tama Koshi,Low,13,False,False
GL087257E27964N,Koshi,Arun,0.0514558680974,205.22322934756298,157.9112629319575,4315.973092315196,10836.919051852452,15728.017498749376,-0.016032886799036625,Arun,Low,13,False,False
GL087672E27819N,Koshi,Arun,0.0298889297353,204.8098639302668,30.06156321781376,2128.697652940484,12981.775220637946,15987.743118585324,-0.016372947245595966,Arun,Low,13,False,False
GL086549E28202N,Koshi,Tama Koshi,0.063815176824,259.63907337414764,-1.9410500724836306,1947.1039125924124,15692.184904219914,23355.02791595459,-0.017488262250411567,Tama Koshi,Low,13,False,False
GL081918E30265N,Karnali,Humla,0.0246873878288,287.9953142813428,22.551848496780867,3110.2324952425756,4008.1752467504994,10244.0874710083,-0.01760394040467126,Humla,Low,13,False,False
GL087753E27855N,Koshi,Arun,0.0462598576571,202.48056356146137,34.4905963058445,4295.937353477063,20731.31807968117,25690.32380359126,-0.018289176544040813,Arun,Low,13,False,False
GL087737E27864N,Koshi,Arun,0.152281265825,202.24870921740975,21.44702037317127,12466.699386507771,61835.55079506807,75340.83925123028,-0.018479914541163642,Arun,Low,13,False,False
GL087522E27602N,Koshi,Arun,0.0377537275182,199.67628014730363,3.1499823495649224,2201.4311580059484,11126.328444843091,15326.985755381866,-0.02059615683362358,Arun,Low,13,False,False
GL085032E28935N,Gandaki,Trishuli,0.0528513801524,260.7462636855986,91.87822097764196,4186.2858344862225,12687.923845956839,19127.018468819413,-0.021041907214993362,Trishuli,Low,13,False,False
GL086548E28133N,Koshi,Tama Koshi,0.0387745481719,255.36292849530267,198.48519879744296,4987.299494673429,12989.21824176495,19943.38557434082,-0.021792965636402446,Tama Koshi,Low,13,False,False
GL087539E28761N,Koshi,Arun,0.0709614639687,198.09850368799857,132.1597400902289,7071.624399243543,23513.931705775198,33346.7532587388,-0.021894135195799105,Arun,Low,13,False,False
GL087562E28150N,Koshi,Arun,0.0329675163888,197.61266408836894,13.081133842412129,2591.399429550114,14204.915164909537,16700.44085328345,-0.022293817472770733,Arun,Low,13,False,False
GL087814E27964N,Koshi,Arun,0.446409199803,197.5838235899084,-22.247646385341106,26573.121469140402,85593.5549766322,133909.0556063783,-0.02231754348461187,Arun,Low,13,False,False
GL087468E28736N,Koshi,Arun,0.0391542287707,196.92700026301952,56.534760545342046,2977.004013533785,11144.54387228205,15833.973951272405,-0.02285788775267721,Arun,Low,13,False,False
GL087099E27834N,Koshi,Arun,0.0206545272861,195.87769030205428,269.3393073957845,2287.6120101469205,5048.5678286499215,9100.381326892331,-0.023721116264242167,Arun,Low,13,False,False
GL083651E29076N,Gandaki,Kali Gandaki,0.0317531429067,129.3339350305222,158.85288734361825,3318.256049323469,7133.326301915325,11321.339599609377,-0.024073486976606485,Kali Gandaki,Low,13,False,False
GL086951E27840N,Koshi,Dudh Koshi,0.0736518188317,488.5937864956632,90.52264468988952,8133.387285026412,20694.69783981116,33069.11463320863,-0.024091396976932137,Dudh Koshi,Low,13,False,False
GL083511E29185N,Karnali,Bheri,0.0237478029638,162.3999717020317,146.0201835451301,2087.7180292677713,4552.039715843143,8185.581116979262,-0.02504308386480397,Bheri,Low,13,False,False
GL081499E30288N,Karnali,Humla,0.0418783000858,281.27268551623257,-10.508080737605475,3326.830654401647,7647.197924291459,16524.339027404785,-0.026262807261739463,Humla,Low,13,False,False
GL085912E28155N,Koshi,Sun Koshi,0.039660739357,-382.74151319681675,-29.954701590301497,3219.4995584038174,14393.412378567196,18861.45175063189,-0.026820922996804376,Sun Koshi,Low,13,False,False
GL082222E29659N,Karnali,Mugu,0.0278908835766,286.98729599498785,78.18179339754825,3337.998957012268,5524.188806057984,9525.99193572998,-0.028249176870735884,Mugu,Low,13,False,False
GL087621E27673N,Koshi,Tamor,0.0304713517028,81.82171871462306,22.84435982122138,2776.7680376576564,10227.475629845068,13692.10901151171,-0.02851729531886658,Tamor,Low,13,False,False
GL081871E30267N,Karnali,Humla,0.0884814338451,277.17667018887977,21.50655155455771,4247.6238803956385,20542.848286513934,37704.18270111084,-0.031538548731821506,Humla,Low,13,False,False
GL087602E27853N,Koshi,Arun,0.0413710225482,186.05254234161004,18.16988001285831,2843.47020378333,20969.749732552325,23502.61096511542,-0.03180390225247189,Arun,Low,13,False,False
GL086465E27890N,Koshi,Tama Koshi,0.0396737040464,245.38951443468966,94.6825956885249,2337.7705583966663,11930.234460304227,15257.554594870177,-0.03183298778088281,Tama Koshi,Low,13,False,False
GL087501E28236N,Koshi,Arun,0.24177163479,185.84399284456453,5.9308275037511775,11415.32984910019,101132.03592173717,120203.83782878202,-0.031975468213550365,Arun,Low,13,False,False
GL082248E29664N,Karnali,Mugu,0.0252723814965,284.69374003986746,36.26388895479168,3362.0657771526535,7572.8448919097755,11430.660148620604,-0.03381312992640981,Mugu,Low,13,False,False
GL082250E29713N,Karnali,Humla,0.109654708542,275.0744569998324,13.410343776483957,10776.793957938724,28549.422029557947,47604.98649597168,-0.034246237159242084,Humla,Low,13,False,False
GL087247E27987N,Koshi,Arun,0.03268117098,182.998410541491,225.6399599218384,3925.4899874037274,10270.885324766406,16597.647535167023,-0.03431642357221116,Arun,Low,13,False,False
GL082048E29884N,Karnali,Humla,0.0233482305353,271.96325807873484,160.64950431720294,2774.2490944908586,4265.935645585326,10067.879705242083,-0.038253517371329836,Humla,Low,13,False,False
GL086308E28202N,Koshi,Tama Koshi,0.073156524405,237.4676756977393,86.73568743980827,7314.843148439444,25745.763062342765,37117.318410387226,-0.03980773302464895,Tama Koshi,Low,13,False,False
GL087477E27527N,Koshi,Tamor,0.0675086380087,76.80936554833059,30.528928237509138,4279.669328302906,27484.302709249787,32851.29296644621,-0.04036244188864504,Tamor,Low,13,False,False
GL087799E27826N,Koshi,Tamor,0.0399997948092,76.10381429993245,14.595849105992414,2158.6699214943296,15497.407637569377,18120.91265528062,-0.042029794062863016,Tamor,Low,13,False,False
GL087603E27680N,Koshi,Arun,0.0234189533596,171.52461182475727,242.7659024190185,2419.5850868995117,3640.4805182570603,7029.3504002889,-0.043755493586500334,Arun,Low,13,False,False
GL087541E27688N,Koshi,Arun,0.0313326283084,169.92909879102902,37.59160029974575,2494.927568843374,11956.854070865407,14953.655575352088,-0.04506806317272705,Arun,Low,13,False,False
GL082268E29800N,Karnali,Humla,0.052690928635,266.19647680347117,-29.545958800229695,5634.953031271945,11009.983602115866,18710.711247821884,-0.045681235456179824,Humla,Low,13,False,False
GL084752E28634N,Gandaki,Budhi Gandaki,0.0200699605839,10.077279191940939,10.398595856008507,1240.806890667788,8721.305396322534,10003.33604523902,-0.04575119788788119,Budhi Gandaki,Low,13,False,False
GL087559E27986N,Koshi,Arun,0.0399939154304,167.78065655804292,285.9404823334176,3794.9163255759,5940.717494862184,11522.582951534496,-0.04683550716921582,Arun,Low,13,False,False
GL088427E28054N,Koshi,Arun,0.847240921299,167.71530533691546,-51.59759178149462,49858.78134196322,104388.28924159861,264571.4089578068,-0.046889269202782066,Arun,Low,13,False,False
GL087421E28109N,Koshi,Arun,0.0511805910083,167.68594977788464,8.094815457350553,4689.548674368141,19965.544958599665,26200.564157912315,-0.04691341893591242,Arun,Low,13,False,False
GL087033E28008N,Koshi,Arun,0.0690589602569,167.63152639861312,33.18395237507371,5157.869699979546,19059.411204013282,31135.56386620017,-0.04695819103798956,Arun,Low,13,False,False
GL087845E27971N,Koshi,Arun,0.0605541723936,164.8600082088415,44.058443877486056,3951.1582419971114,26888.6984293942,32121.28715919046,-0.04923821658881058,Arun,Low,13,False,False
GL087611E27831N,Koshi,Arun,0.0239992816994,164.43822314265066,59.64536893077883,2602.3089624452323,7984.675658167036,10596.97214008406,-0.04958520356923848,Arun,Low,13,False,False
GL087391E28738N,Koshi,Arun,0.0727505491445,163.07674913396056,24.289662493157422,2506.0561860635826,25788.996887510824,30840.08502960205,-0.050705237902063084,Arun,Low,13,False,False
GL087607E28233N,Koshi,Arun,0.0336492495568,162.41938000419918,41.076336618986446,1806.9158819699246,16466.49469515655,18695.48543123732,-0.05124603118197312,Arun,Low,13,False,False
GL087542E27860N,Koshi,Arun,0.0204650925991,161.65339430875002,30.142998534551463,2054.6323100792483,7323.94972932105,9604.2716885735,-0.05187617929488571,Arun,Low,13,False,False
GL086632E27788N,Koshi,Dudh Koshi,0.0515010224527,441.8626232904241,112.77827553491827,2780.240731426765,9252.081687763843,13794.48496237362,-0.05208391892331906,Dudh Koshi,Low,13,False,False
GL087472E28784N,Koshi,Arun,0.0316736123429,161.02275920770103,126.22738048650197,4217.960262736039,9227.519004308548,14548.447534060011,-0.052394979477739564,Arun,Low,13,False,False
GL081872E30284N,Karnali,Humla,0.0381117395305,260.7155220745198,-10.843166983338847,4320.874276096237,8045.0726082941355,15578.319526672363,-0.05274080380448946,Humla,Low,13,False,False
GL085930E28321N,Koshi,Sun Koshi,0.11873348931,-555.6459376306581,-21.615396146378114,9039.715312527873,37655.912274503644,53410.94365327124,-0.05379402601364554,Sun Koshi,Low,13,False,False
GL087723E27661N,Koshi,Tamor,0.0210083832459,71.03425447496453,64.71800811098822,2404.0335606237813,5277.786332714144,8668.529646929572,-0.05401013087847949,Tamor,Low,13,False,False
GL087575E27879N,Koshi,Arun,0.0346461261379,158.6113015871681,119.63402397534307,5116.610979379841,12631.12736692817,16867.019031120748,-0.054378796509801035,Arun,Low,13,False,False
GL087479E28132N,Koshi,Arun,0.0381120567149,158.0702746269031,99.92471714328398,5285.019821168014,13319.222183273569,18537.77813720703,-0.0548238793880732,Arun,Low,13,False,False
GL087488E27563N,Koshi,Tamor,0.0227321697741,70.61543472551412,0.3390508793928284,2223.4189405850416,7663.1248716121345,9735.852225359748,-0.054999881830571216,Tamor,Low,13,False,False
GL086074E28952N,Koshi,Arun,0.0287807765795,155.91128022782243,184.63792983979388,2455.4779783060835,6324.043468218728,10531.812812146953,-0.05660000426149106,Arun,Low,13,False,False
GL083635E29017N,Gandaki,Kali Gandaki,0.0470062318548,115.55218159947489,24.589433202809047,6004.3260547885,13870.393437390447,24042.05776447969,-0.056720820182257325,Kali Gandaki,Low,13,False,False
GL086874E27759N,Koshi,Dudh Koshi,0.0576374913111,430.7363365737205,90.96414648998187,4847.7960342929755,20833.67950105739,26893.814986045683,-0.05874869685172725,Dudh Koshi,Low,13,False,False
GL084145E28829N,Gandaki,Marsyangdi,0.0291403266615,7.433619553990057,77.24357747429022,1513.4664957896928,5474.5960665212315,7670.657986898983,-0.059126155209484506,Marsyangdi,Low,13,False,False
GL087450E28733N,Koshi,Arun,0.0254216692573,152.60156575067126,68.96680335312392,1399.9622327931716,9389.499870845744,11428.252239182417,-0.059322784000652266,Arun,Low,13,False,False
GL085407E28080N,Gandaki,Trishuli,0.146063775844,236.75705151409034,34.09881633163621,3288.7099988419395,18646.232783552026,24293.534413506,-0.05995259161734594,Trishuli,Low,13,False,False
GL083704E29183N,Gandaki,Kali Gandaki,0.0283738122463,113.97823914682243,78.66879877694967,2338.566725379094,7643.67682180045,10679.337108028636,-0.060449302479909296,Kali Gandaki,Low,13,False,False
GL086925E27849N,Koshi,Dudh Koshi,0.0391673168457,427.27234936438657,39.33529109581354,3603.252325000128,12208.954810849933,18618.116548426013,-0.06082366634378588,Dudh Koshi,Low,13,False,False
GL083664E29197N,Gandaki,Kali Gandaki,0.0459741429305,113.48122768143237,26.13057913598236,4667.753734950495,17688.96420486243,23312.419723510742,-0.06162666347383509,Kali Gandaki,Low,13,False,False
GL087778E27829N,Koshi,Tamor,0.0373744102607,67.75151063343326,-1.483290678216535,925.930889456408,13551.96620660842,15490.913121690934,-0.061767880714518594,Tamor,Low,13,False,False
GL087472E28161N,Koshi,Arun,0.0951627805485,149.089616841845,18.4232970110979,4637.792194363919,19592.453008943445,28276.77837763768,-0.06221193453008166,Arun,Low,13,False,False
GL086213E28211N,Koshi,Tama Koshi,0.0589890025667,213.48425194235446,1.4187976311702155,3593.172702434306,12453.528235728638,18001.81806829116,-0.06395133160995828,Tama Koshi,Low,13,False,False
GL083281E29037N,Karnali,Bheri,0.0224281993923,149.08297922635387,28.448156661205736,1060.6273654867512,4602.830200535931,7492.278266906738,-0.0652129615287803,Bheri,Low,13,False,False
GL081825E30098N,Karnali,Humla,0.0378981677516,249.97269217736292,10.191097750669918,5528.429400443332,11320.472424762893,17754.428914986405,-0.06657776208342661,Humla,Low,13,False,False
GL087064E27824N,Koshi,Arun,0.0286113527054,143.40349500755192,93.28543193748372,3464.563101615972,10502.551869519262,15889.646362992826,-0.06688969674543185,Arun,Low,13,False,False
GL086888E27757N,Koshi,Dudh Koshi,0.0742317132515,416.87000408595947,48.08510742277473,4754.744981018134,30106.685393407945,35973.94291642133,-0.06705479474992877,Dudh Koshi,Low,13,False,False
GL082091E30330N,Karnali,Humla,0.120387983704,249.56373438244384,53.949930220707834,10213.63098123623,18244.97065532103,39510.24199933818,-0.06710450708454023,Humla,Low,13,False,False
GL087611E28155N,Koshi,Arun,0.158453035719,141.78098253539113,-27.863797092718144,7622.84090942047,34454.23206805061,51190.89953846651,-0.06822447777147925,Arun,Low,13,False,False
GL086916E27713N,Koshi,Dudh Koshi,0.0570605148248,413.85607238462165,30.67539615979844,3789.396592726373,13933.791674208605,25966.788102393057,-0.06886017564584346,Dudh Koshi,Low,13,False,False
GL081172E29975N,Karnali,West Seti,0.0364132520415,479.7783992997483,533.8626103405933,3624.2152646635227,7288.198653166758,15626.230545043943,-0.06891927498875768,West Seti,Low,13,False,False
GL086147E28231N,Koshi,Tama Koshi,0.0235611637751,207.63457131725906,71.47402032664345,2194.0023377763023,6360.634791362411,9223.15963787004,-0.06984007970135013,Tama Koshi,Low,13,False,False
GL088049E27545N,Koshi,Tamor,0.277773260836,64.03689640968415,46.20642510368691,20911.731246625004,68185.73432545151,93272.2074155022,-0.07054622263710862,Tamor,Low,13,False,False
GL087542E28749N,Koshi,Arun,0.148594430011,138.91204673193462,43.11611571033235,9755.224902434024,48244.40976808068,61285.84844883937,-0.07058464519151883,Arun,Low,13,False,False
GL087605E28748N,Koshi,Arun,0.0411335285133,135.97326591440768,103.72098618733163,4001.3774883027745,14989.680263789709,19917.47158813477,-0.0730022715224419,Arun,Low,13,False,False
GL086942E27797N,Koshi,Dudh Koshi,0.0649245124889,406.8593780726358,41.6929148558341,4890.039958914947,20347.039232178653,28052.044592943377,-0.07305127866248025,Dudh Koshi,Low,13,False,False
GL087389E28772N,Koshi,Arun,0.034304939851,132.87547805726982,61.24960918019345,2098.802058854748,9636.511565140256,13417.186714471556,-0.07555070706631233,Arun,Low,13,False,False
GL087295E28005N,Koshi,Arun,0.0507831833353,131.8242356620714,154.3623791499142,4328.299030069888,11511.1973120757,17156.419625046674,-0.07641552532007821,Arun,Low,13,False,False
GL087243E28022N,Koshi,Arun,0.0275722966483,131.80577263120105,72.48623980202916,2164.259524555502,10410.061700757058,12699.35045192943,-0.07643071417299116,Arun,Low,13,False,False
GL087228E27871N,Koshi,Arun,0.0220191388185,131.0888078626696,535.5552701499475,3044.214416265594,6278.750933043881,9436.495320189231,-0.07702053458164772,Arun,Low,13,False,False
GL087246E28002N,Koshi,Arun,0.0208212772393,130.96968103929515,170.2142777524312,2260.0287759734997,5878.04627938479,8493.965482913747,-0.07711853581508153,Arun,Low,13,False,False
GL083754E28996N,Gandaki,Kali Gandaki,0.0227326073679,106.89836257362502,35.29435026283967,2151.014861067618,4419.655187378389,8279.606430053711,-0.07722068724575126,Kali Gandaki,Low,13,False,False
GL087833E27980N,Koshi,Arun,0.0266922712089,129.6101882844156,92.34251198141358,2409.98195134087,9493.396399178944,12140.063192389993,-0.07823694024364378,Arun,Low,13,False,False
GL085625E28117N,Koshi,Indrawati,0.0262851851884,28.939126269475256,5.982886292821121,1989.4461632187883,10109.7570597745,12802.649832272997,-0.07824195655146812,Koshi,Low,13,False,False
GL085924E28322N,Koshi,Sun Koshi,0.0861542497751,-716.7914687174962,-26.07982382692088,5682.312804696958,20299.9415917467,28546.351614948348,-0.07893274079750007,Sun Koshi,Low,13,False,False
GL085717E28042N,Koshi,Indrawati,0.0269400992986,26.746143615104508,81.96721043082287,2774.571040973396,7534.9564994570355,10551.534675598145,-0.07918320454164093,Koshi,Low,13,False,False
GL086572E27701N,Koshi,Dudh Koshi,0.0416618874775,395.02602332965307,378.4097650555979,4315.7276980761835,8969.965818022532,13670.760204389984,-0.0801395987389039,Dudh Koshi,Low,13,False,False
GL087400E28710N,Koshi,Arun,0.0598066477672,126.56175089291432,17.017433666712616,4450.149401398501,20260.189525239464,28453.5916595459,-0.08074477698393732,Arun,Low,13,False,False
GL086422E27932N,Koshi,Tama Koshi,0.0237535887572,195.76975344029327,249.08520264290988,2872.0118060882505,6666.452981134706,10691.18015759038,-0.08178413752357608,Tama Koshi,Low,13,False,False
GL086660E27958N,Koshi,Dudh Koshi,0.0521613225715,391.8189130191683,108.7322632238626,4711.012853528607,14885.567034523161,21958.415540089325,-0.08206069591674311,Dudh Koshi,Low,13,False,False
GL086163E28201N,Koshi,Tama Koshi,0.0271916693245,195.45658242822165,45.930493120060575,3353.4081412137743,7377.46404730105,11649.39872858384,-0.08209940006828739,Tama Koshi,Low,13,False,False
GL081564E30286N,Karnali,Humla,0.0354504457445,237.7895015105841,15.02479526594829,3224.9403988262065,7441.535131196128,12565.691284179688,-0.08226993096019244,Humla,Low,13,False,False
GL085419E28614N,Gandaki,Trishuli,0.0298473050837,222.90564815124225,124.96389645043469,4718.7973413466325,8927.692169769427,15023.33923591165,-0.08241967310915056,Trishuli,Low,13,False,False
GL085435E28520N,Gandaki,Trishuli,0.0416283172385,222.29486506650565,160.52604665797193,3612.020711985592,7861.711552344044,14269.620658874512,-0.08341036791307195,Trishuli,Low,13,False,False
GL087471E28072N,Koshi,Arun,0.0205980734625,123.27148149453791,15.207286204630805,1490.9796739423077,4330.9001756026555,6812.480800494026,-0.08345155997568124,Arun,Low,13,False,False
GL087446E28190N,Koshi,Arun,0.0449425508514,122.43571231384239,-37.2468577832451,3130.3755139488862,9657.64495676308,14669.159201348995,-0.08413911638198848,Arun,Low,13,False,False
GL084217E28408N,Gandaki,Seti,0.0319469790098,138.87014463260698,25.660939887900668,1903.091722971565,4514.529233006726,7405.273809425504,-0.08472476168720933,Gandaki,Low,13,False,False
GL083802E29147N,Gandaki,Kali Gandaki,0.0240682668443,103.70486803751436,-6.533212659554004,1733.1025998550017,4995.729589413373,8093.657402038574,-0.0847856956267572,Kali Gandaki,Low,13,False,False
GL087569E28103N,Koshi,Arun,0.032677558136,119.95220167065118,43.88324613785676,3243.7842019258574,10811.480536001443,15068.246992163564,-0.08618220877196789,Arun,Low,13,False,False
GL087703E27915N,Koshi,Arun,0.0390134579554,119.20007106433332,-8.957356612496824,3663.392055434299,13713.087199031319,18331.68705740536,-0.08680095881527919,Arun,Low,13,False,False
GL087544E28739N,Koshi,Arun,0.0279095586117,117.7594192241856,254.115016056965,2987.2030801192927,7599.43717787845,11040.576650671865,-0.08798612982281451,Arun,Low,13,False,False
GL085418E28551N,Gandaki,Trishuli,0.0512499771801,219.08887694871933,306.49978792360935,3751.0706283263266,8189.758168828397,16296.584044482664,-0.08861050499790031,Trishuli,Low,13,False,False
GL086350E28192N,Koshi,Tama Koshi,0.207514951797,188.85102423429794,-9.316884070436826,9580.67778831945,43975.54708967483,71245.48807043936,-0.08874907390520934,Tama Koshi,Low,13,False,False
GL087875E27843N,Koshi,Tamor,0.0492726187029,56.23087984433213,45.96635203554653,3273.550646143259,14017.15934971828,18341.91724308986,-0.0889933286719586,Tamor,Low,13,False,False
GL081974E29903N,Karnali,Humla,0.0285851748833,232.4027265110192,100.00030507032905,2139.035106085534,3571.2241443731846,7343.460502624512,-0.08920819412181315,Humla,Low,13,False,False
GL082166E30046N,Karnali,Humla,0.0299765840578,232.3072136656832,67.35314221118341,3039.549268716698,5618.757709927797,10265.3860355452,-0.08933121638584123,Humla,Low,13,False,False
GL083059E28760N,Karnali,Bheri,0.0247981211639,141.0848293545277,47.639977929080416,3237.7284689042904,7972.663687315606,11761.102447509766,-0.08933888203794932,Bheri,Low,13,False,False
GL087716E27848N,Koshi,Arun,0.0262635113985,116.10127897042697,19.174095635113396,2148.1835335459996,9313.729643562512,11921.350344340008,-0.08935022050761209,Arun,Low,13,False,False
GL087870E27964N,Koshi,Arun,0.0304152372813,113.57206528295205,68.74336254879334,2479.7470453917304,10737.759395752413,13976.104901541916,-0.0914309111024677,Arun,Low,13,False,False
GL086404E27728N,Koshi,Tama Koshi,0.0312870368448,185.91538690650486,47.486341549966646,1954.9500093465217,9648.680072378214,11539.70177968343,-0.0917043170747077,Tama Koshi,Low,13,False,False
GL087849E27912N,Koshi,Tamor,0.0208468156426,55.07342581639013,29.606291010840717,1508.8054516815446,6482.437872348975,8207.474692999149,-0.09172861330851477,Tamor,Low,13,False,False
GL081813E30089N,Karnali,Humla,0.0573616401079,230.22376073152262,-3.7656032584716344,7013.0566123008575,15058.179674328652,25439.35099029541,-0.09201474126728228,Humla,Low,13,False,False
GL087589E28776N,Koshi,Arun,0.0592863645254,112.21032762533655,10.439824115536362,2375.4071657950117,24886.74694620538,30102.97343893612,-0.09255116232951606,Arun,Low,13,False,False
GL086933E27831N,Koshi,Dudh Koshi,0.0365271279891,374.14794441967837,85.3727047170369,3072.574739031616,10243.983798325942,15726.983095236385,-0.09264581604659428,Dudh Koshi,Low,13,False,False
GL087599E27704N,Koshi,Arun,0.0432110622731,110.64557923010975,56.83378932365899,3481.5436193325572,17989.18756956443,22320.65153153364,-0.09383842298502605,Arun,Low,13,False,False
GL087058E28122N,Koshi,Arun,0.0328147133745,110.4738123963811,13.17053172560428,1656.8272967699825,11589.17351599646,14035.97139081768,-0.09397972920886044,Arun,Low,13,False,False
GL087633E28268N,Koshi,Arun,0.111434901995,109.35452948753145,56.05669416045098,6925.7325772606955,51904.777792853216,58703.12767791748,-0.09490052187772788,Arun,Low,13,False,False
GL083562E29168N,Karnali,Bheri,0.0354577765476,138.8800288145514,67.39115166542159,2597.806211972785,8512.774017016382,13399.731369018557,-0.09598952542654289,Bheri,Low,13,False,False
GL085532E28431N,Gandaki,Trishuli,0.0603298396298,213.72752810508817,-9.65518715372208,4950.182938406353,20106.458986625847,25408.472816467285,-0.09730665355559319,Trishuli,Low,13,False,False
GL083726E28982N,Gandaki,Kali Gandaki,0.0224853982223,98.26901466420591,288.6274854048808,1112.0020914335632,2001.357494332384,3726.234318482642,-0.0976625851476268,Kali Gandaki,Low,13,False,False
GL087451E28766N,Koshi,Arun,0.029215484914,105.58154408036343,37.913687782637034,1380.8960704065123,9621.64874772752,11688.90142202938,-0.09800441748374113,Arun,Low,13,False,False
GL086487E28377N,Koshi,Arun,0.0202521231951,105.53670193689247,108.03746787352789,1917.0008077065831,6286.058761916585,9060.53785502116,-0.09804130745734646,Arun,Low,13,False,False
GL082202E29666N,Karnali,Humla,0.185334225063,224.97716826439134,26.590653301049155,6738.435695257068,20566.95252274273,31866.75365447998,-0.09877244680383687,Humla,Low,13,False,False
GL087664E27843N,Koshi,Arun,0.039725605891,103.36365047340607,14.12741361932572,3343.3263470170646,16392.342701138918,19951.34398040772,-0.0998289965579568,Arun,Low,13,False,False
GL082810E29681N,Karnali,Mugu,0.0225870079369,257.42897875966054,187.44884856981784,2344.821880989586,5824.463922627767,9610.584648132324,-0.09995490052440031,Mugu,Low,13,False,False
GL083644E29072N,Gandaki,Kali Gandaki,0.0473608231039,97.29319130376231,55.05120117992194,5096.1841314484955,14212.736829333644,21075.96620941162,-0.09997419451995027,Kali Gandaki,Low,13,False,False
GL087447E28687N,Koshi,Arun,0.0207540234642,102.83155758953696,57.30430124083983,1085.2983224601567,5581.6236227044155,7614.696304321289,-0.1002667297018737,Arun,Low,13,False,False
GL085922E28181N,Koshi,Sun Koshi,0.491543801293,-858.4500997415528,-14.497628963360118,19662.140883000484,119762.38062361405,178656.56654675055,-0.1010314977283766,Sun Koshi,Low,13,False,False
GL087360E28049N,Koshi,Arun,0.0246366423668,101.87221584159799,49.20734137093069,3287.88972951161,7703.247360922237,11700.038949465285,-0.10105594469073523,Arun,Low,13,False,False
GL087584E28020N,Koshi,Arun,0.0248741825386,100.01191633931802,27.122944987523752,1684.2148028711758,7564.896027239631,10546.409246646654,-0.10258634431539995,Arun,Low,13,False,False
GL082245E29701N,Karnali,Humla,0.089138171785,221.94446568751096,0.0,6777.3187051553405,14970.80643468198,30637.039161083747,-0.10267862231163531,Humla,Low,13,False,False
GL087659E27830N,Koshi,Arun,0.0268892941411,99.63528771378877,46.55653375018809,2985.17756858776,8879.924249727874,12239.386374469832,-0.10289618276154346,Arun,Low,13,False,False
GL087874E27970N,Koshi,Arun,0.0452529865646,99.40770794244422,79.62824937089226,3302.697586271768,8607.234546098667,12704.606203894522,-0.10308340422573249,Arun,Low,13,False,False
GL086384E28381N,Koshi,Arun,0.172501826733,99.1528129216806,70.40160784318735,12611.832660089749,63193.073015441434,79222.3211972405,-0.10329309693576517,Arun,Low,13,False,False
GL086151E28295N,Koshi,Sun Koshi,0.179978998358,-873.8782146042057,0.23205752951107705,11134.544148482211,40776.96832729242,59215.3228302002,-0.10343828478954417,Sun Koshi,Low,13,False,False
GL087368E28715N,Koshi,Arun,0.0788210266402,98.56925268651918,12.574259941536173,1972.737464666675,41179.402857510904,44098.81561069863,-0.10377317036682601,Arun,Low,13,False,False
GL087469E27522N,Koshi,Arun,0.0352627972576,98.47325604370383,89.47289168759414,3002.977722428413,9316.382803581779,13037.552827752805,-0.10385214325584395,Arun,Low,13,False,False
GL086807E28166N,Koshi,Arun,0.0441658259139,98.1178865172583,10.318381549958575,2229.467969036653,19016.12302046326,23286.90811710732,-0.1041444926271269,Arun,Low,13,False,False
GL081772E30157N,Karnali,Humla,0.0214719828744,220.36135748477122,39.175611862842004,2299.902928122464,4939.123040684029,7775.867041434494,-0.10471769417277967,Humla,Low,13,False,False
GL087436E28802N,Koshi,Arun,0.0232783547359,96.69900600940518,120.10552289742355,2006.94814318495,5345.406332572373,8375.89696894627,-0.10531175316447651,Arun,Low,13,False,False
GL087558E28229N,Koshi,Arun,0.078802395496,96.48323698974677,17.03711802642783,4275.982870916284,32503.728909131445,37422.75201822917,-0.10548925835990057,Arun,Low,13,False,False
GL087702E27651N,Koshi,Tamor,0.148315402603,49.179793127004956,30.943201810920012,8223.054831443525,50826.003646450125,66041.65856981464,-0.10565639148338,Tamor,Low,13,False,False
GL087632E27729N,Koshi,Arun,0.026173900441,95.39661706596911,89.84326617325476,3343.803380283496,6671.651362485583,11135.05716486912,-0.10638318039851016,Arun,Low,13,False,False
GL087401E28768N,Koshi,Arun,0.0343889337491,95.2598016759855,86.12784796628803,2323.5415994412365,11213.642505828719,14760.593742370604,-0.10649573336174144,Arun,Low,13,False,False
GL086510E28321N,Koshi,Arun,0.101662358786,95.21358000827857,-4.622491607105638,6266.436054638125,25204.429987340958,38107.36235875149,-0.10653375821893427,Arun,Low,13,False,False
GL087447E28745N,Koshi,Arun,0.0210725459582,95.11444394408173,57.321141157718124,1306.8127588141178,7808.6374070755855,9943.242555984796,-0.10661531379385736,Arun,Low,13,False,False
GL088001E27794N,Koshi,Tamor,0.0277820317781,48.717186208543175,19.23160293595809,713.6826120372956,5482.45289654624,6797.518506727032,-0.10674961986764937,Tamor,Low,13,False,False
GL087397E28639N,Koshi,Arun,0.0264764525486,94.82892574860206,63.785982983763276,610.9266558628733,2671.7500738773956,3759.518082323261,-0.10685019905758046,Arun,Low,13,False,False
GL086804E28185N,Koshi,Arun,0.026029805326,94.81390473066399,8.457583593713483,1473.867751459462,10040.701783821487,12672.522133561675,-0.10686255629370633,Arun,Low,13,False,False
GL087147E27808N,Koshi,Arun,0.043660931848,94.80081440474164,55.19531326250328,5313.901216452268,13514.555824190029,20473.63598842247,-0.10687332522088916,Arun,Low,13,False,False
GL087331E28011N,Koshi,Arun,0.0337478350201,94.28648700973041,85.2452429645208,2798.1327242119505,6580.971248165261,11138.108518144196,-0.10729644335391846,Arun,Low,13,False,False
GL082163E30023N,Karnali,Humla,0.0280407341541,218.3157896856018,-28.205162239505192,3046.0339991636765,5010.884047456169,10613.88330078125,-0.10735242231841803,Humla,Low,13,False,False
GL086934E27822N,Koshi,Dudh Koshi,0.0457728721708,348.92608213056866,101.88173547364762,3619.82836894722,14877.728652084143,18811.93268713858,-0.10775401120441347,Dudh Koshi,Low,13,False,False
GL087610E28013N,Koshi,Arun,0.0263388303718,93.05777728280705,29.563593635452712,1454.6064695630703,8527.248969543825,10322.823900230258,-0.10830725742047105,Arun,Low,13,False,False
GL087107E27796N,Koshi,Arun,0.0229369814478,92.34052107715846,236.50061503570328,2325.561533049385,6170.668136891269,8884.386039644129,-0.10889731758366936,Arun,Low,13,False,False
GL087453E28787N,Koshi,Arun,0.0430193361665,91.76791609698593,64.7764259639278,2738.372130755618,13412.345063399694,17202.67741136738,-0.10936837853147005,Arun,Low,13,False,False
GL086649E27988N,Koshi,Dudh Koshi,0.0477722720439,345.25876146911224,281.2407779629568,3735.2181980670534,7285.160104894852,12318.534975268794,-0.1099507798499829,Dudh Koshi,Low,13,False,False
GL086563E27709N,Koshi,Dudh Koshi,0.028214609671,344.89813443401533,89.07009254891977,3075.725719231544,8670.52725784739,11818.039848327637,-0.11016679972841124,Dudh Koshi,Low,13,False,False
GL081775E30222N,Karnali,Humla,0.0994758351076,215.31365612205155,196.84743121131945,12653.616176369896,25098.79932730374,48856.06528380151,-0.11121922438680369,Humla,Low,13,False,False
GL087607E28013N,Koshi,Arun,0.0295435204975,89.24116865937722,21.603374964746237,2006.8534746292462,9553.556818112565,11598.279399797028,-0.11144704023373878,Arun,Low,13,False,False
GL087577E28072N,Koshi,Arun,0.031996865137,89.05130390634953,42.755533656604335,2614.4369662456206,13825.021335547723,16830.240966348087,-0.11160323494669468,Arun,Low,13,False,False
GL087337E28046N,Koshi,Arun,0.0297320494331,88.35228315376827,3.6428694081155655,1795.5448477569873,5216.917026845434,8561.229425527536,-0.11217829347682498,Arun,Low,13,False,False
GL086632E27785N,Koshi,Dudh Koshi,0.026677538448,340.2510285814578,85.7170303568406,2040.479142846054,7560.254366945753,11684.07887576234,-0.11295047134372246,Dudh Koshi,Low,13,False,False
GL087721E27916N,Koshi,Arun,0.0222694803657,87.4001400875856,55.91940551631486,1665.023753222585,6431.470743589561,8510.259346935798,-0.11296158637634315,Arun,Low,13,False,False
GL082639E29771N,Karnali,Mugu,0.0242402399657,251.91433309806996,56.01935910472341,1889.185446621046,7290.904236403706,11505.255783081057,-0.11333291709786357,Mugu,Low,13,False,False
GL083710E29173N,Gandaki,Kali Gandaki,0.0930165827826,91.58494660900074,17.678034062311347,6762.411147750884,37628.37127465065,48857.43919219971,-0.11349634665404978,Kali Gandaki,Low,13,False,False
GL082228E29670N,Karnali,Humla,0.0549714345879,212.8970313164471,13.478641577421186,3590.8375817044603,9311.02786816213,16105.966766357422,-0.1143318806357724,Humla,Low,13,False,False
GL086440E28392N,Koshi,Arun,0.0535282697187,84.42538918279702,24.339029213446295,2649.9439713307897,19956.036282739886,24453.63346099853,-0.11540880396823085,Arun,Low,13,False,False
GL086482E27835N,Koshi,Tama Koshi,0.0299821862108,162.34313671043842,38.049367112243225,2774.5358630223345,10356.233756358519,13521.246055902218,-0.1154339960517773,Tama Koshi,Low,13,False,False
GL087640E28205N,Koshi,Arun,0.0222722136592,83.7500188264064,47.248338992854144,738.3986120533028,4093.8463059783526,4978.7008523380055,-0.11596440619177772,Arun,Low,13,False,False
GL087193E28125N,Koshi,Arun,0.0528485114058,82.67968184724519,48.53499603007954,2146.221738558967,15427.452885579705,18607.888911378148,-0.116844932853837,Arun,Low,13,False,False
GL087461E28705N,Koshi,Arun,0.0325113372109,82.39697699486187,38.66452018517313,1376.5866271706645,10735.496738490223,12520.437873212028,-0.11707750368420493,Arun,Low,13,False,False
GL081813E30111N,Karnali,Humla,0.0261355324798,210.65812194830815,39.936398830077074,4045.3059521086984,6140.325076770351,11550.24038585588,-0.11721563620240008,Humla,Low,13,False,False
GL087856E27876N,Koshi,Tamor,0.0240319837479,42.84715589832799,8.658044889965687,1853.2861910533697,8379.562534446197,11977.11423818551,-0.12062162111870484,Tamor,Low,13,False,False
GL085177E28301N,Gandaki,Trishuli,0.0725839121045,199.31682538190995,80.51240073723469,4494.171704170066,15411.637500920591,21930.33464050293,-0.12068092285917975,Trishuli,Low,13,False,False
GL081331E30240N,Karnali,Humla,0.10559746902,207.49023245902177,25.279157632969657,5498.078326636941,31707.560692639017,41502.93701171875,-0.12129593488674766,Humla,Low,13,False,False
GL083789E29137N,Gandaki,Kali Gandaki,0.0333574906257,87.43643352719855,21.627857495159674,1219.7336259817282,12917.976243927322,14459.376042175292,-0.12332368027797642,Kali Gandaki,Low,13,False,False
GL085395E28049N,Gandaki,Trishuli,0.0849348294884,197.53163216945813,26.760390285920366,2526.0474187810546,18847.58685970623,23739.34949493408,-0.1235765198129403,Trishuli,Low,13,False,False
GL086549E27693N,Koshi,Dudh Koshi,0.0230574712769,322.0762145511141,464.0393201757826,2474.7730453218937,5043.31147575551,8037.570415990493,-0.12383740087255685,Dudh Koshi,Low,13,False,False
GL087564E28153N,Koshi,Arun,0.0233705421936,71.84840599114337,17.14901006255755,2390.7984014587746,10278.960628064186,12807.742068990072,-0.12575542306495766,Arun,Low,13,False,False
GL087422E28024N,Koshi,Arun,0.0221771417108,71.5439661037097,45.94545734879736,637.8285613583666,5976.795929344026,7126.1881514904535,-0.12600587450511042,Arun,Low,13,False,False
GL087255E27995N,Koshi,Arun,0.0207307941716,71.39147958786347,209.23554858774688,1791.2000997042653,5495.62025208164,7741.062652587891,-0.12613131952422238,Arun,Low,13,False,False
GL082786E29631N,Karnali,Mugu,0.0435214867402,246.63497147481038,-6.250126337019977,5117.863832767375,11568.88571497484,18190.91205596924,-0.12614015651583582,Mugu,Low,13,False,False
GL086321E28397N,Koshi,Arun,0.022646571224,71.08519036305992,28.985774573974293,1462.4439644980212,7374.109966435726,9645.253814039044,-0.12638329234585874,Arun,Low,13,False,False
GL087670E28279N,Koshi,Arun,0.0259104636076,70.87027485310534,42.669138826046336,1724.3481464610668,10687.48519177329,12546.67990875244,-0.126560095390404,Arun,Low,13,False,False
GL088718E28554N,Koshi,Arun,0.0251852360597,70.81631871934225,26.383863319164043,1198.2200089902242,9953.407641790283,12638.028150311637,-0.12660448310687555,Arun,Low,13,False,False
GL087188E28028N,Koshi,Arun,0.0200788580941,69.3403163483318,68.41252037242597,2236.43848648991,5752.443199615708,9188.565437915278,-0.12781873568923136,Arun,Low,13,False,False
GL087301E27838N,Koshi,Arun,0.0345275373335,69.16964943640671,180.8104787716447,2756.418379713518,5360.331772423653,10835.334030151367,-0.1279591370480624,Arun,Low,13,False,False
GL087244E27987N,Koshi,Arun,0.0466624557862,68.45659929574296,19.54457130006074,2445.32409044279,13211.659621442102,19562.8311358882,-0.12854573703709724,Arun,Low,13,False,False
GL085171E28430N,Gandaki,Trishuli,0.02537976187,194.37008935706018,289.5925558421014,3132.425646452367,6216.17419418634,10508.832262645048,-0.12870456627475158,Trishuli,Low,13,False,False
GL083207E28968N,Karnali,Bheri,0.0724897979572,128.02652183258192,42.50856665330825,11166.421490994364,24425.907853631994,40809.2766268562,-0.12872845266458918,Bheri,Low,13,False,False
GL082353E29661N,Karnali,Mugu,0.0234002191113,245.29572409704025,45.78551713875086,2568.768768135981,7849.733194545096,10564.967262268066,-0.12938904587613761,Mugu,Low,13,False,False
GL084205E28930N,Gandaki,Kali Gandaki,0.0230460704369,84.42661555182772,82.04256707193369,1153.3186469037853,5165.678046496638,7010.141105502261,-0.1304535807526812,Kali Gandaki,Low,13,False,False
GL087661E28291N,Koshi,Arun,0.0220238540916,65.20200197663304,9.67944146350403,1874.8928488297247,7168.570888301798,11221.710233591117,-0.13122317392803667,Arun,Low,13,False,False
GL086937E27817N,Koshi,Dudh Koshi,0.0349424299106,309.7273620930965,186.1717160427361,3298.4580391573745,10052.583634157021,13786.822698196713,-0.1312345102046224,Dudh Koshi,Low,13,False,False
GL087722E27888N,Koshi,Arun,0.0221884496511,63.39067736516581,4.080798618271345,812.6365572228252,5362.646538204233,7957.519560421215,-0.13271328372064697,Arun,Low,13,False,False
GL081830E30344N,Karnali,Humla,0.120481246449,198.45281462781432,-25.93409806209761,10150.711302557816,31677.305760786654,50060.95133972168,-0.13293629172725158,Humla,Low,13,False,False
GL087970E27847N,Koshi,Tamor,0.0364801484919,37.329519308592346,18.989080537935425,1869.96387992383,15176.794041134473,17330.231488485897,-0.13366084879398346,Tamor,Low,13,False,False
GL087173E28083N,Koshi,Arun,0.0260522561245,59.59578201846312,24.5365790501351,1306.8990427072795,11902.097770720839,13241.361671776864,-0.135835203823898,Arun,Low,13,False,False
GL086387E27670N,Koshi,Tama Koshi,0.0255971096769,141.7743218780106,65.49528945149534,1563.2547524407207,9283.93754620444,11242.672475747502,-0.1361401810299831,Tama Koshi,Low,13,False,False
GL087313E28037N,Koshi,Arun,0.0353896504687,58.180121553038745,30.544469270616894,3250.542605068581,13580.986697712206,17363.131810655785,-0.13699981535138747,Arun,Low,13,False,False
GL087145E28155N,Koshi,Arun,0.0517904117545,57.77081125987331,12.533455101829682,2819.6843785137785,18238.464088644774,23924.37649736592,-0.13733653979724364,Arun,Low,13,False,False
GL087604E28717N,Koshi,Arun,0.030446907386,57.296802129830404,26.135006611110907,916.2150287303384,10252.775933904633,12036.918524020326,-0.13772648958426248,Arun,Low,13,False,False
GL087594E28770N,Koshi,Arun,0.0556859131442,57.266749483489534,5.940770818756773,852.3413284923604,17054.449152755165,18945.42944210277,-0.1377512127853513,Arun,Low,13,False,False
GL087416E28135N,Koshi,Arun,0.0200463820758,56.9660972794128,-48.95557220951274,2368.861369315678,4991.826415831506,9218.85011539833,-0.13799854823843813,Arun,Low,13,False,False
GL082615E29682N,Karnali,Mugu,0.0207676004437,241.60078831240932,102.9613733362473,1697.1209448514508,3592.5834725496456,6580.115364074707,-0.1383526158311323,Mugu,Low,13,False,False
GL087893E27694N,Koshi,Tamor,0.0239584076758,34.803028917795814,-7.836137790715568,1557.4968590516362,8039.900238186705,11085.913697964535,-0.1396314274809314,Tamor,Low,13,False,False
GL086445E28002N,Koshi,Tama Koshi,0.0222859472833,137.69935651950547,179.16712016496666,1431.6935375137668,5444.582972988859,7212.794540405273,-0.1402423613053368,Tama Koshi,Low,13,False,False
GL086451E28393N,Koshi,Arun,0.0644864381489,54.02514420665311,110.59928533129262,5719.3863461892,23058.515022349176,28660.50891113281,-0.14041796160343223,Arun,Low,13,False,False
GL082098E30263N,Karnali,Humla,0.0511914774824,192.32858177255827,27.820549957444392,4983.3920134782065,15921.07621265256,22468.495628356934,-0.14082441388127553,Humla,Low,13,False,False
GL088477E28027N,Koshi,Arun,0.0265762528474,52.878431011545885,4.081262097994283,849.4406553054844,12215.541209400115,14179.179558967142,-0.1413613201546974,Arun,Low,13,False,False
GL087078E28133N,Koshi,Arun,0.0547896941402,52.01600454750104,-23.845682569224106,2353.0304117390497,10939.764798903427,14989.998710752,-0.14207080652248794,Arun,Low,13,False,False
GL086918E27856N,Koshi,Dudh Koshi,0.0769779747749,291.2981186136658,44.406365309885174,4316.636412927549,17591.948697898253,32060.147399902344,-0.1422738459961919,Dudh Koshi,Low,13,False,False
GL087607E28131N,Koshi,Arun,0.0287336230541,51.57548914266048,47.89892606306525,2409.717378606972,12125.897291532721,14988.584639695113,-0.14243320226005643,Arun,Low,13,False,False
GL087561E27594N,Koshi,Tamor,0.0306925959969,33.56849165523755,21.116751376406654,3532.3332635206216,7563.74740293569,16552.634529233448,-0.1425488745034588,Tamor,Low,13,False,False
GL087867E27969N,Koshi,Arun,0.0553631022353,50.630911385574116,21.295010437669813,2418.1737673829466,16214.745626697568,19000.216777786554,-0.14321027145947293,Arun,Low,13,False,False
GL087491E28846N,Koshi,Arun,0.0426867541831,50.21151406473694,25.685851039748513,1529.9054295235728,16932.27388366423,19218.341045873305,-0.14355529413007406,Arun,Low,13,False,False
GL086748E28204N,Koshi,Arun,0.0341211899794,49.32565931152931,-51.579213269709214,2465.9151065828287,6244.779508284027,11344.723719249052,-0.14428405408520756,Arun,Low,13,False,False
GL086095E28176N,Koshi,Tama Koshi,0.0228350354129,133.6318762460522,70.45443618923791,1837.6306058495513,4642.279107373728,7201.374908447266,-0.14433700650601924,Tama Koshi,Low,13,False,False
GL087677E27729N,Koshi,Tamor,0.0319757158736,31.92603041852964,64.59477474462874,4472.380166353335,11873.231078289142,16615.27330618466,-0.14643032368282208,Tamor,Low,13,False,False
GL085685E28328N,Gandaki,Trishuli,0.0336281000797,182.79141059617407,39.16387877850392,2167.8145832113673,7062.360509232051,10159.040818966136,-0.1474852711949472,Trishuli,Low,13,False,False
GL087689E28365N,Koshi,Arun,0.0278500692468,45.30941429171088,-0.6075642377200258,1063.3320850215061,10462.612296871686,13587.056578093883,-0.14758807038116348,Arun,Low,13,False,False
GL082338E29854N,Karnali,Humla,0.056251767982,186.44342262351984,40.957883011861554,5702.916070978427,11824.925560464759,19275.032012939453,-0.1484046047983542,Humla,Low,13,False,False
GL087139E27813N,Koshi,Arun,0.106104067452,44.141818364216284,41.44137839985467,4696.987994195907,21716.037881702177,33838.27108115402,-0.14854860838432254,Arun,Low,13,False,False
GL087640E28271N,Koshi,Arun,0.0213233383187,43.41693476812769,8.519811599339407,1672.279453557548,5148.282542674898,9213.26732635498,-0.1491449433196488,Arun,Low,13,False,False
GL088135E28723N,Koshi,Arun,0.028851494096,42.82859768282894,436.2897782611616,3059.49016048252,8220.741134429518,12509.818549212288,-0.14962894648871597,Arun,Low,13,False,False
GL081452E30296N,Karnali,Humla,0.0309381825215,184.93460421850918,20.77430153510171,1406.8926552150206,4008.302188982612,6712.52392578125,-0.15034799006280397,Humla,Low,13,False,False
GL088315E27995N,Koshi,Arun,0.0250697549375,41.360920011902536,1.5596562370033398,1366.881939368761,7967.474202529196,10124.106800722611,-0.15083635064807938,Arun,Low,13,False,False
GL087543E27630N,Koshi,Tamor,0.0305015306395,29.92113650715898,27.612633983475575,3268.9953304802666,8437.699986506444,11668.248050914091,-0.15116827040149033,Tamor,Low,13,False,False
GL087430E28714N,Koshi,Arun,0.0254326909567,39.941045937089505,12.321473997026095,1050.2804844893724,7810.680888797075,10261.48077216055,-0.15200442855623442,Arun,Low,13,False,False
GL086573E27827N,Koshi,Dudh Koshi,0.0378447350098,274.96203051983986,17.688332317350774,1849.743402366491,15716.554824106437,18654.48157767501,-0.15205935684419203,Dudh Koshi,Low,13,False,False
GL085562E28445N,Gandaki,Trishuli,0.0304478628043,179.87408840176982,56.19059421047618,2989.498661456731,11015.121384428783,14629.87784576416,-0.1522171899588849,Trishuli,Low,13,False,False
GL087266E28012N,Koshi,Arun,0.0215039180241,39.45743803646102,83.92008222383599,2002.3503245305592,6848.9507302101565,9697.623228933297,-0.15240227489694444,Arun,Low,13,False,False
GL087333E27917N,Koshi,Arun,0.0399327617604,39.32298590412037,3.6793225283040956,3545.1779932064223,14448.256398182864,18303.672723957126,-0.15251288369548321,Arun,Low,13,False,False
GL087755E27713N,Koshi,Tamor,0.0205376605029,29.299949874500065,38.34020476614064,1387.4432839416827,7049.232073926278,8927.337419906316,-0.1526362528973196,Tamor,Low,13,False,False
GL082418E29687N,Karnali,Mugu,0.0279174935313,235.70617717043464,118.33336831089451,2980.5418988378706,7370.678450345921,11341.519660949709,-0.15265239325848443,Mugu,Low,13,False,False
GL086863E27760N,Koshi,Dudh Koshi,0.0767043557348,271.6333453707122,7.53002651498481,7210.401799535212,32485.95301894106,40056.58392797732,-0.15405327879474004,Dudh Koshi,Low,13,False,False
GL087283E27854N,Koshi,Arun,0.0345875744653,36.06718248294566,2.8540658201097435,782.1383888199553,3473.054337666369,4798.753662378647,-0.15519131280200138,Arun,Low,13,False,False
GL081700E30122N,Karnali,Humla,0.0217269805589,181.10775212224422,-15.517287153265952,1846.971356987505,4534.0447942650335,7758.582931518555,-0.15527704444629514,Humla,Low,13,False,False
GL087518E27651N,Koshi,Arun,0.0302283502693,35.95015427207836,35.39955296936776,3421.541663277952,8088.167734015508,11965.001543351716,-0.15528758758451194,Arun,Low,13,False,False
GL088387E28000N,Koshi,Arun,0.0200487768653,35.408751898751056,22.07791835342509,1311.2989043328214,7642.369675950731,9768.711103760965,-0.1557329793012313,Arun,Low,13,False,False
GL082562E29215N,Karnali,Bheri,0.0261175051017,119.04122008225293,76.927803979556,3409.9824138869426,7259.643502490013,11446.17287415149,-0.1558320552793572,Bheri,Low,13,False,False
GL087854E28078N,Koshi,Arun,0.0360069664045,34.87469508445048,151.9575287198978,5995.007680055279,12138.965296671364,18015.09110616048,-0.15617232809810708,Arun,Low,13,False,False
GL081511E30332N,Karnali,Humla,0.0499965828658,180.36330947744486,31.017694609124312,5856.217486464332,13742.561755840596,21764.725509643555,-0.15623589997279627,Humla,Low,13,False,False
GL081438E30356N,Karnali,Humla,0.0348217509561,180.27292808166132,148.35643339483548,3691.4924451343923,7679.375780651617,13588.91330718994,-0.15635231283743448,Humla,Low,13,False,False
GL087270E28109N,Koshi,Arun,0.0261478368349,34.54528845614658,17.13084606271599,1540.749186267038,7106.343993910477,9049.782333254348,-0.15644331875294545,Arun,Low,13,False,False
GL081875E30118N,Karnali,Humla,0.0606916877295,180.1239779251452,-15.668330235397331,5825.776783130697,11421.2901096741,28449.33159637451,-0.15654416332013646,Humla,Low,13,False,False
GL086493E28049N,Koshi,Tama Koshi,0.028684577389,120.38316436287542,54.20869426192021,2278.985816508006,8841.472854697111,12023.768065837785,-0.1576742007591133,Tama Koshi,Low,13,False,False
GL081882E30217N,Karnali,Humla,0.0262754555615,178.53056436155245,-16.819002457236383,2398.795414176842,6342.887042475681,9964.875231903674,-0.15859650867155642,Humla,Low,13,False,False
GL085396E28029N,Gandaki,Trishuli,0.0216584937534,175.93582488086503,88.91168644400585,1758.4324805411786,4297.727772950047,6067.819236755371,-0.1586050833110987,Trishuli,Low,13,False,False
GL081855E30338N,Karnali,Humla,0.0211849061009,178.4953071152028,82.05137390917395,1463.396515321658,5222.177754593471,7741.951484680176,-0.15864192063948673,Humla,Low,13,False,False
GL085001E28931N,Gandaki,Trishuli,0.0281294418611,175.60646515681663,77.94967591032635,2427.448795059738,6712.929851813912,11424.102500915527,-0.15913930728584494,Trishuli,Low,13,False,False
GL088148E28714N,Koshi,Arun,0.0234964968129,30.472815459238596,-2.719142290371353,830.0514689041783,7985.304370821439,10019.806430562336,-0.15979359172688684,Arun,Low,13,False,False
GL087889E27653N,Koshi,Tamor,0.0262065348798,26.058621316592074,40.20463634848325,1785.1090604925698,9506.184986173188,12331.559910224469,-0.16029613051875785,Tamor,Low,13,False,False
GL087407E28771N,Koshi,Arun,0.0256463613287,29.860456806225027,49.88828783524193,1226.503174162839,6548.1779368635025,9519.914772033691,-0.16029735655162802,Arun,Low,13,False,False
GL086833E28144N,Koshi,Arun,0.0255581018297,29.786523095401922,28.58748467746284,788.3247163481911,8251.65595182531,9952.992092745912,-0.1603581790821695,Arun,Low,13,False,False
GL087617E28154N,Koshi,Arun,0.053690983027,29.335873328918165,-24.41709788968155,3438.242103182967,13241.085547105149,20968.86509285721,-0.1607289119843913,Arun,Low,13,False,False
GL087682E28350N,Koshi,Arun,0.0230074127084,29.19873645119209,31.399716451487137,2544.7967548969104,9310.88010828585,11798.871973105037,-0.16084172942370278,Arun,Low,13,False,False
GL087858E28035N,Koshi,Arun,0.0232902758157,28.640832108717447,-3.183285184329898,583.7782013233061,9584.003555353087,10689.75053058699,-0.16130069670035668,Arun,Low,13,False,False
GL086206E28224N,Koshi,Tama Koshi,0.0538575748399,116.69317177178895,35.80264749295223,4842.069134789576,15162.522864634888,21155.72062683105,-0.1613888372017919,Tama Koshi,Low,13,False,False
GL086549E27944N,Koshi,Dudh Koshi,0.0624123199392,258.8227190424988,40.300140236471805,3875.9898940119465,15009.786210781924,20191.05629454968,-0.16172699616112635,Dudh Koshi,Low,13,False,False
GL086590E27710N,Koshi,Dudh Koshi,0.0302364533318,258.25812003167124,162.50146085239402,1812.2047684203674,4786.20541118547,8565.836310891544,-0.1620651976762927,Dudh Koshi,Low,13,False,False
GL087376E28748N,Koshi,Arun,0.0278974379075,27.644326901328668,-1.919004760899671,858.1951152950338,10697.318425020012,12525.00035935944,-0.1621204846933627,Arun,Low,13,False,False
GL086389E27781N,Koshi,Tama Koshi,0.0332329344506,115.56477693731588,13.316950690593526,2336.888170967893,10152.497689230157,13948.423167449351,-0.1625247680933577,Tama Koshi,Low,13,False,False
GL087563E27718N,Koshi,Arun,0.0414977100724,25.935421324197304,10.577163103622633,2818.337130606022,14417.604979230557,17877.058008111693,-0.16352633813288897,Arun,Low,13,False,False
GL082415E29386N,Karnali,Tila,0.124662228971,337.7152114105398,36.2085957154139,14964.844797849564,35527.7385940851,56817.26552683512,-0.1637685878072863,Tila,Low,13,False,False
GL087320E27923N,Koshi,Arun,0.0328589619575,25.124774198197233,9.919114930109574,2775.82865073932,6088.940552234219,10642.601751170438,-0.1641932275535686,Arun,Low,13,False,False
GL086410E27844N,Koshi,Tama Koshi,0.0421119019673,113.83911971536352,160.57756225216744,4475.0064810280255,12277.76948118598,17793.503982543945,-0.16426195022746828,Tama Koshi,Low,13,False,False
GL088439E28030N,Koshi,Arun,0.0230783821658,23.32932881538365,50.085979110265285,1101.2296923399217,6679.296858323501,8530.071907043457,-0.1656702740918256,Arun,Low,13,False,False
GL086408E28037N,Koshi,Tama Koshi,0.0303503703681,112.00350691522694,49.46226099677863,1839.2766389747594,10031.846883474036,13189.986129760742,-0.16610982228512658,Tama Koshi,Low,13,False,False
GL087068E27828N,Koshi,Arun,0.0225787664056,22.580495411454407,91.84681648510183,1324.7544447171458,5740.919238315772,8482.49270914115,-0.16628631164863045,Arun,Low,13,False,False
GL086737E27975N,Koshi,Dudh Koshi,0.0332995130135,250.48146103980403,79.05296373274287,3859.155213468155,10343.79411738239,14869.128639221191,-0.1667235088024965,Dudh Koshi,Low,13,False,False
GL087990E27926N,Koshi,Arun,0.102923702229,20.19966168517612,13.38546283086619,3315.474250072068,35171.29592173074,40872.02690462599,-0.16824493553506367,Arun,Low,13,False,False
GL087711E27620N,Koshi,Tamor,0.0753308680461,22.516639474886645,9.387283120755406,2809.3597877057005,8520.281765070436,15190.863366011075,-0.16866650919531231,Tamor,Low,13,False,False
GL086238E28089N,Koshi,Tama Koshi,0.0254613359661,109.38205395275034,6.97677031671982,2693.1206912630046,6952.801590195968,10643.821852650362,-0.16874878278892427,Tama Koshi,Low,13,False,False
GL088517E28056N,Koshi,Arun,0.0801070214758,18.98244666551777,-26.55553896793288,5972.378404064594,24052.242594516116,36409.58427545884,-0.16924629333091232,Arun,Low,13,False,False
GL087102E27831N,Koshi,Arun,0.0340454685691,18.82918311581272,2.484522438714689,2520.4531559690336,13276.189897673594,16033.6695022583,-0.16937237758705273,Arun,Low,13,False,False
GL087142E28159N,Koshi,Arun,0.183627008031,17.7707709006875,31.382702325773288,10589.64498688309,42726.702662348,58470.63470710307,-0.1702430941866019,Arun,Low,13,False,False
GL086968E28145N,Koshi,Arun,0.0267974663873,17.34904705919734,58.89993788429821,1647.07323919763,7943.83363744123,11811.768128428736,-0.17059003079973203,Arun,Low,13,False,False
GL086584E28212N,Koshi,Arun,0.0212261218176,16.83422448310952,3.41795864588806,602.938072656333,8682.121135337678,9763.571450416715,-0.171013556299926,Arun,Low,13,False,False
GL086331E28233N,Koshi,Tama Koshi,0.0354909139254,106.08796306101355,90.12723071606153,2468.0786324704686,8824.113907023757,12852.779606059954,-0.17206487347742574,Tama Koshi,Low,13,False,False
GL086351E28154N,Koshi,Tama Koshi,0.038164816226,105.6972196156908,25.517470654434995,3687.795268795629,12804.835095573875,17463.121860578947,-0.17245822652784645,Tama Koshi,Low,13,False,False
GL087164E28187N,Koshi,Arun,0.0307795656967,14.888931237754989,4.41353519378281,1120.5647727346927,10305.952387418216,13773.511374918618,-0.17261387713477264,Arun,Low,13,False,False
GL087413E28736N,Koshi,Arun,0.0374557883795,14.523591807422337,4.597090923150529,837.8484351289763,15393.7690852906,17244.90593749402,-0.172914428377393,Arun,Low,13,False,False
GL081876E30204N,Karnali,Humla,0.114044218141,166.33954155068545,-13.266509950510013,3567.320254014105,18508.608911445815,28918.20645796832,-0.17429876549088677,Humla,Low,13,False,False
GL083765E29168N,Gandaki,Kali Gandaki,0.0241184626379,65.83226774265437,12.656679898332596,1135.6099904396228,4818.574224641779,6379.403538782457,-0.17450137711655173,Kali Gandaki,Low,13,False,False
GL087454E27931N,Koshi,Arun,0.020666046432,11.903302276815205,61.16697384259232,1501.9596676770707,7613.869572830774,9992.227455558028,-0.17507004370129076,Arun,Low,13,False,False
GL087204E27989N,Koshi,Arun,0.0637696378391,11.208926700328398,6.92891548635944,972.1182865716912,15213.982177080754,18883.925896618417,-0.17564128081678176,Arun,Low,13,False,False
GL086216E28266N,Koshi,Tama Koshi,0.0300399422606,102.37054977745775,109.08180225258252,2519.477184404952,9519.196464731898,12828.982222134458,-0.17580711374342264,Tama Koshi,Low,13,False,False
GL081900E30242N,Karnali,Humla,0.0290588799926,165.01034743924058,-3.703570909538213,3616.349202496025,5768.911581878893,11796.293510437012,-0.1760107914319788,Humla,Low,13,False,False
GL086242E28239N,Koshi,Tama Koshi,0.0267767725911,101.99107593535564,66.21599700888571,1547.4662683579425,8337.74152819143,11130.771873833151,-0.17618912192585665,Tama Koshi,Low,13,False,False
GL083701E28998N,Gandaki,Kali Gandaki,0.0280370597323,65.07562681994186,3.1939743244376935,850.6919615190102,1772.2457905557899,3122.093081754797,-0.17629376938683988,Kali Gandaki,Low,13,False,False
GL086491E28052N,Koshi,Tama Koshi,0.0313297607303,101.66914685591892,32.01952363707768,1280.0527771409936,11227.78057777094,13103.658048023895,-0.17651320102924623,Tama Koshi,Low,13,False,False
GL086157E28242N,Koshi,Tama Koshi,0.0263696325332,101.06550597371889,82.76577003035338,2387.5165822635663,6298.456975802829,10001.116934443457,-0.17712087336569687,Tama Koshi,Low,13,False,False
GL081335E30218N,Karnali,Humla,0.0437036130207,163.70700672612418,46.64166758083312,3336.3772143002006,13146.774450727322,17397.097381591797,-0.17768951773066147,Humla,Low,13,False,False
GL087945E27781N,Koshi,Tamor,0.0509104266033,18.487232800389258,1.761355353994622,809.5685379448108,23083.915216566173,24494.59402223475,-0.17818876572137615,Tamor,Low,13,False,False
GL086418E27725N,Koshi,Tama Koshi,0.0209155811804,99.6079065503295,25.75753781497532,1665.7349538028757,5622.005048912359,7848.139465332031,-0.17858820746008736,Tama Koshi,Low,13,False,False
GL081941E30048N,Karnali,Humla,0.0244378565621,161.5224479466516,-7.8750199137323476,2303.267699890622,3596.871483521152,7501.762382477405,-0.18050326876077394,Humla,Low,13,False,False
GL086141E28253N,Koshi,Tama Koshi,0.0677642106021,96.70388068766549,84.29893974924565,8166.987289418345,20310.70727812018,33008.112106712186,-0.1815116280452644,Tama Koshi,Low,13,False,False
GL086838E27928N,Koshi,Dudh Koshi,0.0291230952363,225.39035586813523,167.23869476331214,2620.9094507692475,6506.888835337367,10474.369499206545,-0.18175337889351745,Dudh Koshi,Low,13,False,False
GL086576E27900N,Koshi,Dudh Koshi,0.0290411305674,223.251492708712,96.21286351129037,3890.321670744409,9620.751072872388,15104.949888700598,-0.1830345833366322,Dudh Koshi,Low,13,False,False
GL086356E27850N,Koshi,Tama Koshi,0.10775893908,94.85823462456885,18.564160629341064,9203.632007619855,47409.54199598264,56185.65745233274,-0.1833696003736713,Tama Koshi,Low,13,False,False
GL088125E28717N,Koshi,Arun,0.0347798652874,1.7746530087751657,20.82466309571532,1568.8842712518638,13587.806355458255,16247.731648254394,-0.1834025089947402,Arun,Low,13,False,False
GL087584E28106N,Koshi,Arun,0.185954931714,1.6958186770400772,-7.053576200171001,12832.266608769614,54108.99132701937,70081.53215427772,-0.18346736308492848,Arun,Low,13,False,False
GL087451E28701N,Koshi,Arun,0.0245189384222,1.3919468807984963,-7.088479697997328,779.4563685445262,7243.722979517687,10368.971965535482,-0.18371734717746002,Arun,Low,13,False,False
GL082219E29110N,Karnali,Tila,0.0214867353903,329.26796577978047,188.23464976018465,3038.176467501603,7298.664238477796,10619.518531829235,-0.1840108265874567,Tila,Low,13,False,False
GL086569E27826N,Koshi,Dudh Koshi,0.045450179324,221.015813741949,109.08172930005959,3694.6277437651993,11632.907828746122,17948.529260672774,-0.1843737815985572,Dudh Koshi,Low,13,False,False
GL081329E30423N,Karnali,Humla,0.13614215632,158.5025472675942,8.695929107177,6691.248123884113,43223.85339629344,57670.87432098389,-0.18439295519374166,Humla,Low,13,False,False
GL086497E28789N,Koshi,Arun,0.0257685576234,0.2916800717810292,-3.283237159815862,575.7043789850582,7986.242858658874,11264.77261352539,-0.18462249600402675,Arun,Low,13,False,False
GL087174E28151N,Koshi,Arun,0.11966663517,-0.40584643576953516,69.41299577935087,8641.990165323363,35958.1932864228,47469.25826837876,-0.185196325274013,Arun,Low,13,False,False
GL082244E29664N,Karnali,Mugu,0.0271643553128,222.28653836109555,59.0037936765919,3462.260774268407,6913.068506954877,11774.995990708294,-0.1852071866972796,Mugu,Low,13,False,False
GL085321E28603N,Gandaki,Trishuli,0.0301145441337,159.43281474870707,76.94228957853977,2837.1278933824974,7677.36996620374,12509.039047241213,-0.18537309112854145,Trishuli,Low,13,False,False
GL086217E28262N,Koshi,Tama Koshi,0.0225050031722,92.14690526605965,72.22996380219267,2391.106838429094,7679.131819698282,10579.48563489727,-0.18609903751876253,Tama Koshi,Low,13,False,False
GL088135E28729N,Koshi,Arun,0.0319594014057,-1.680852260807377,11.567297113906392,1051.9227290141966,15265.753345746118,17021.70943112841,-0.18624522542890298,Arun,Low,13,False,False
GL081832E30328N,Karnali,Humla,0.030527879366,156.98401750327443,-26.639584981515586,4174.284167222959,6665.404570614914,13789.053848476036,-0.18634884886378641,Humla,Low,13,False,False
GL083848E29205N,Gandaki,Kali Gandaki,0.0251643086825,60.547203936224726,4.081654097525466,1001.3105430013478,9138.886392451268,10812.844929115445,-0.18702106410448838,Kali Gandaki,Low,13,False,False
GL086651E27946N,Koshi,Dudh Koshi,0.0645383838304,216.44545150991877,65.74074869250204,2688.3941314894396,16374.418578282235,19968.726501913632,-0.1871114828734251,Dudh Koshi,Low,13,False,False
GL087985E27951N,Koshi,Arun,0.0522445132664,-3.2621513503135064,-20.056368680710907,3377.0017352959694,21674.8425235731,27412.887248229978,-0.1875461017287122,Arun,Low,13,False,False
GL087082E28129N,Koshi,Arun,0.209515899133,-3.932909901690824,-29.654240957711874,10347.661270839912,51198.35298645803,71416.52231367523,-0.18809790999077453,Arun,Low,13,False,False
GL088030E27784N,Koshi,Tamor,0.0266767904499,13.959842465546217,22.139186240802466,612.5298948913969,4213.882364582046,5292.240069430482,-0.18888785262041072,Tamor,Low,13,False,False
GL083640E28970N,Gandaki,Kali Gandaki,0.0390922903065,59.663897802233556,68.4682448972898,2762.9597070266746,13926.875505910559,16999.081161499023,-0.1891135111812181,Kali Gandaki,Low,13,False,False
GL081511E30327N,Karnali,Humla,0.137115754321,154.8120576397827,-19.16821337919399,10588.498608670347,28163.02932670674,50309.6394182093,-0.1891463722633345,Humla,Low,13,False,False
GL086371E28238N,Koshi,Tama Koshi,0.0339824038207,88.86885462709398,16.73021315043199,977.4236716320471,13317.401920094211,15096.804405212402,-0.18939898082863857,Tama Koshi,Low,13,False,False
GL087364E28049N,Koshi,Arun,0.0366126502005,-5.678932132732776,8.377216968216235,1227.0051857242827,12591.682463603067,14094.030255456062,-0.18953429792925858,Arun,Low,13,False,False
GL083787E28641N,Gandaki,Kali Gandaki,0.0448807287276,59.25410798378393,-19.471884162112985,2250.606660203277,6652.116170813558,10013.948227467255,-0.19008425447699268,Kali Gandaki,Low,13,False,False
GL086844E27810N,Koshi,Dudh Koshi,0.0561102493797,209.77750276361363,35.04994266836346,3085.8023579702976,18451.206308202043,24818.70232376398,-0.19110566339057955,Dudh Koshi,Low,13,False,False
GL086487E28363N,Koshi,Arun,0.0510915289025,-7.749399910556467,142.24677361193784,4631.491977986367,14755.52841534507,19657.82093945672,-0.1912375952242255,Arun,Low,13,False,False
GL087547E28242N,Koshi,Arun,0.0222826373055,-8.145126076624232,77.76746845311206,2148.422375829277,5105.776462648142,8090.551865641276,-0.19156314451092793,Arun,Low,13,False,False
GL087312E27964N,Koshi,Arun,0.0226467594226,-8.64088303003551,-9.409227234263515,2468.7587456573833,5419.293356762824,9876.43738861084,-0.191970985428208,Arun,Low,13,False,False
GL087444E28180N,Koshi,Arun,0.0209211793772,-8.93302880311611,-9.222881545733614,868.6624187238762,7268.539451486348,9089.04371732824,-0.1922113229549998,Arun,Low,13,False,False
GL086249E28078N,Koshi,Tama Koshi,0.0211916297548,85.36368430395945,44.983760697078665,1686.1481330484385,6506.802180851496,9114.36868465648,-0.19292756065602448,Tama Koshi,Low,13,False,False
GL083779E29117N,Gandaki,Kali Gandaki,0.0268645097885,57.39789996304352,61.0170516729076,1945.7115551321178,7205.311551020695,10272.259689331057,-0.19448139030265582,Kali Gandaki,Low,13,False,False
GL081422E30406N,Karnali,Humla,0.0288546298121,150.59303116341164,67.81613451401155,2618.2250619268216,9814.995196551616,13753.998100280762,-0.19458055430755802,Humla,Low,13,False,False
GL086227E28244N,Koshi,Tama Koshi,0.0318447411651,82.82615150290583,-1.7110999136352147,1129.3034358316875,7150.345235998921,12199.64836883545,-0.19548204053223228,Tama Koshi,Low,13,False,False
GL087884E27968N,Koshi,Arun,0.187467237902,-13.519503304978867,-7.442357301768215,3439.221561522228,15781.65088411219,20553.74796486649,-0.19598444596426925,Arun,Low,13,False,False
GL082534E29948N,Karnali,Mugu,0.024638801639,217.43041794753708,244.69236925521946,1652.6219896635146,4482.165584293785,7599.245849609375,-0.19698768237405542,Mugu,Low,13,False,False
GL081603E29947N,Karnali,Humla,0.0243533517682,148.64945199675066,-19.792482331036677,2806.9200027970255,4740.33216433748,10993.284866333008,-0.19708391925872576,Humla,Low,13,False,False
GL087378E28748N,Koshi,Arun,0.0201244915305,-15.35759704563539,-0.33612177440715524,454.5752897514503,7728.323548629092,8996.098169543697,-0.19749657772980042,Arun,Low,13,False,False
GL088317E27991N,Koshi,Arun,0.0217185652884,-17.368246009282444,-17.06849050555521,445.44653165178494,3725.26392487631,4749.665539431104,-0.19915066429786468,Arun,Low,13,False,False
GL088320E28005N,Koshi,Arun,0.390912626583,-18.098016722862823,-39.58145358296104,17432.752049346946,58299.851537644055,110652.48760986328,-0.19975101968407316,Arun,Low,13,False,False
GL087584E27785N,Koshi,Arun,0.0200045208351,-18.120472525769515,4.108729090041374,1463.4806627378764,8542.654139152517,10558.464864274569,-0.19976949324292637,Arun,Low,13,False,False
GL081241E30020N,Karnali,Humla,0.020540783585,146.44818417697712,150.18286339783367,1787.4266373177647,4289.79675768684,7443.25373511221,-0.19991919183350926,Humla,Low,13,False,False
GL081417E30328N,Karnali,Humla,0.0235781039836,146.0469704123105,97.34123681593687,2235.185181610504,6173.583091445855,10012.213313562728,-0.20043596238426487,Humla,Low,13,False,False
GL085430E28499N,Gandaki,Trishuli,0.0424468085637,149.17088237927638,37.86605878575814,3908.0272271578974,13797.13628975248,20085.62830888337,-0.20201802339769895,Trishuli,Low,13,False,False
GL083562E29187N,Karnali,Bheri,0.0237329405778,103.68716338785849,93.90891173903994,2529.2384782266377,6773.754284582813,10526.363304138184,-0.20214661017499538,Bheri,Low,13,False,False
GL086133E28196N,Koshi,Tama Koshi,0.0237228940032,75.88828209398412,14.8030386749197,1959.5529718179819,6276.768687169692,8951.362896519082,-0.20246624494586166,Tama Koshi,Low,13,False,False
GL087505E28188N,Koshi,Arun,0.0297321875386,-22.22722696157607,15.338930778988766,2041.9686557077812,6508.623770624912,8957.916455078124,-0.20314796828925397,Arun,Low,13,False,False
GL086900E27724N,Koshi,Dudh Koshi,0.0333242028328,188.7410553762663,33.69552780420215,2882.755981388347,9463.156161128485,13580.01862335205,-0.20370674529770216,Dudh Koshi,Low,13,False,False
GL087674E28342N,Koshi,Arun,0.057265131761,-23.184980148910004,0.20560345454718093,972.8936623065749,33182.80988229835,34510.82627994313,-0.20393587642803535,Arun,Low,13,False,False
GL085486E28111N,Gandaki,Trishuli,0.020743612711,147.42208732106894,53.294482969212694,1491.1084396005529,4599.846516883355,6706.326313452628,-0.2048545822687369,Trishuli,Low,13,False,False
GL083038E29079N,Karnali,Bheri,0.0303104047935,102.74753686978478,40.36561171344356,2103.3697022033693,6197.87143081734,9294.526237697228,-0.2049809349934396,Bheri,Low,13,False,False
GL086502E28083N,Koshi,Tama Koshi,0.0243659129952,72.92478087708206,75.00006727010201,1859.1814108204524,6659.824776869554,9229.096145629885,-0.20544953809523506,Tama Koshi,Low,13,False,False
GL086480E28036N,Koshi,Tama Koshi,0.0220198199073,72.85066740434264,10.968593791086684,1145.8912567786888,3876.792439741822,6157.110803491929,-0.2055241465395437,Tama Koshi,Low,13,False,False
GL085593E28378N,Gandaki,Trishuli,0.0202792856343,146.83027955087908,16.413992067730472,1612.3208177686804,5346.81479337068,7626.275001525879,-0.20581449896829684,Trishuli,Low,13,False,False
GL086909E27900N,Koshi,Dudh Koshi,0.0301057730494,185.01662446662928,79.18193846104118,2356.956785071681,10559.570702211313,12777.573698365455,-0.20593772366042623,Dudh Koshi,Low,13,False,False
GL087565E28725N,Koshi,Arun,0.036632940797,-25.88197315415753,63.488174226496874,2695.180504574255,14354.455568302667,17802.820549998563,-0.206154592864768,Arun,Low,13,False,False
GL081425E30416N,Karnali,Humla,0.173194770628,139.79205439640896,-31.650448042305555,7596.610343506755,38725.6643172044,53463.51153564453,-0.2084924068015027,Humla,Low,13,False,False
GL081865E30365N,Karnali,Humla,0.0224630362192,138.68407567703792,48.28791514640735,2466.6326547025515,4270.649008604483,8513.828262329102,-0.20991950333571707,Humla,Low,13,False,False
GL087435E28699N,Koshi,Arun,0.0256077621297,-30.831173461276357,-48.6687229623919,1555.4928276708852,5987.826417141047,10575.153602600098,-0.21022611698393392,Arun,Low,13,False,False
GL085568E28372N,Gandaki,Trishuli,0.0342777391831,143.7074199631306,-45.22614399101266,2717.9464667999387,6510.316609474976,11601.851539611818,-0.21087980094582745,Trishuli,Low,13,False,False
GL086223E28183N,Koshi,Tama Koshi,0.0522534951865,67.24070629488922,15.663943290544116,4045.312208887567,14453.8478055767,19435.66970155005,-0.21117157413317197,Tama Koshi,Low,13,False,False
GL083748E29084N,Gandaki,Kali Gandaki,0.0200958732701,50.01966750496964,53.08256445334815,1446.1653077402495,6562.544297956234,8406.832926761403,-0.21195954464148156,Kali Gandaki,Low,13,False,False
GL087588E28277N,Koshi,Arun,0.0612253607146,-33.50380670801727,-12.544976411345788,2923.0411999250614,23723.49343796812,31674.3590927124,-0.2124247935479312,Arun,Low,13,False,False
GL086910E27821N,Koshi,Dudh Koshi,0.0241084043451,172.69170096096803,85.13221498304337,2451.1932405136836,8126.303097886305,11374.96595809039,-0.213320499265744,Dudh Koshi,Low,13,False,False
GL086705E28041N,Koshi,Dudh Koshi,0.026957971017,172.41204511859874,85.25823032714142,3160.573942370727,8274.872752412592,11936.76777822457,-0.2134880164377557,Dudh Koshi,Low,13,False,False
GL083514E29200N,Karnali,Bheri,0.0279857085339,99.62871052052222,4.12371527406868,1529.8626261550446,8088.2946339372775,12177.794792175291,-0.21438868025828675,Bheri,Low,13,False,False
GL086531E28105N,Koshi,Tama Koshi,0.0477853966984,63.98919940069855,41.0105425261569,3259.843349072651,16531.007164641276,21000.827029418942,-0.2144447964241753,Tama Koshi,Low,13,False,False
GL085287E28960N,Gandaki,Trishuli,0.0419436222083,141.10655970377195,134.35750365235268,4318.557905581035,10619.088326839947,17262.3345413208,-0.2150984160467736,Trishuli,Low,13,False,False
GL086343E28185N,Koshi,Tama Koshi,0.0232055416513,63.05757001676674,-11.69949190964531,1731.514996101705,7665.437930484271,10263.912810830509,-0.21538264775455004,Tama Koshi,Low,13,False,False
GL086186E28184N,Koshi,Tama Koshi,0.0291691163779,62.72871177803221,-31.870939158405687,2804.544091762073,10046.663053318673,14461.224835623949,-0.21571370229407114,Tama Koshi,Low,13,False,False
GL085631E28319N,Gandaki,Trishuli,0.062422662887,140.30546216416118,74.14165377388424,6533.152062318693,19766.472519348972,27202.672510573444,-0.21639780234243183,Trishuli,Low,13,False,False
GL082307E29469N,Karnali,Tila,0.0207554168345,315.18333765073896,209.4919183266808,2671.712229891741,4330.010091134326,9641.231675121831,-0.21776199450422717,Tila,Low,13,False,False
GL086875E27837N,Koshi,Dudh Koshi,0.0445987818161,164.51788969543398,158.86213144357825,4503.2941664145665,11592.470773890798,16602.830555485743,-0.21821670932221518,Dudh Koshi,Low,13,False,False
GL087850E27974N,Koshi,Arun,0.0258377757264,-40.99204558356213,9.85329416301179,2686.2778133614406,7417.317977663619,10583.523050525142,-0.21858509082828223,Arun,Low,13,False,False
GL088041E27943N,Koshi,Arun,0.115313057049,-42.2898223414998,-39.63169307631162,10396.40989040819,25584.62262591884,45751.74716042911,-0.2196527237878203,Arun,Low,13,False,False
GL087614E27632N,Koshi,Tamor,0.0483050808944,0.8474210884208256,44.78889557038195,5181.0528458732315,13297.92072623643,23386.30407804601,-0.21987500534964113,Tamor,Low,13,False,False
GL086346E28182N,Koshi,Tama Koshi,0.0248892792879,57.94702294696329,20.84527426191536,2825.205447364069,6468.601474109495,10430.93735821294,-0.2205273259399138,Tama Koshi,Low,13,False,False
GL083637E29093N,Gandaki,Kali Gandaki,0.0271374627823,46.27447716693023,170.27754552935696,1932.9859311338284,3621.6099345717853,7923.635063171387,-0.22083145469968268,Kali Gandaki,Low,13,False,False
GL086410E27927N,Koshi,Tama Koshi,0.0479931971149,57.223583012987646,-10.323784244392185,4409.4381192387045,12787.717491380052,19276.52832794189,-0.2212555974137716,Tama Koshi,Low,13,False,False
GL087532E27581N,Koshi,Tamor,0.0351308447243,0.20719643863898934,19.043037321361567,3635.249199937928,10100.965233829551,13604.03521746467,-0.22138797831117338,Tamor,Low,13,False,False
GL086588E27990N,Koshi,Dudh Koshi,0.023541895057,158.05950560944785,70.88037829511869,2080.533800226112,6518.6975781770125,9688.553967255237,-0.22208535811811964,Dudh Koshi,Low,13,False,False
GL081757E30213N,Karnali,Humla,0.128017170393,129.16020276892345,-68.71984357173713,11311.301309993303,33380.07424725839,46504.607138929176,-0.22218642307148948,Humla,Low,13,False,False
GL083633E28961N,Gandaki,Kali Gandaki,0.0282700226638,45.50702943906696,72.97287128683297,2516.3379613073103,8282.2867871798,11420.8364944458,-0.2226494470048583,Kali Gandaki,Low,13,False,False
GL086733E28019N,Koshi,Dudh Koshi,0.0293766198085,156.9594372879815,74.60648061741551,2696.1535833034354,7657.999850825198,10743.712534855862,-0.22274431211196585,Dudh Koshi,Low,13,False,False
GL086829E28139N,Koshi,Arun,0.0245430241696,-46.36831850488759,27.579842553965484,1197.1684028997909,8689.180178545324,10776.406356093465,-0.22300795179814628,Arun,Low,13,False,False
GL082871E29662N,Karnali,Mugu,0.0579900936743,206.3623890168862,22.645659818327644,5205.67999003272,20849.8521283318,29009.16118684657,-0.22383768934750645,Mugu,Low,13,False,False
GL086977E27711N,Koshi,Dudh Koshi,0.0472303234697,154.55237261281655,36.72925110657264,3584.8645039482717,10366.405305674281,16403.833488464355,-0.22418617244936,Dudh Koshi,Low,13,False,False
GL087225E27872N,Koshi,Arun,0.021219881672,-49.23133213903744,29.351282757446917,2266.7756699957067,7705.672911384779,10687.94471429563,-0.22536324726844176,Arun,Low,13,False,False
GL087659E28235N,Koshi,Arun,0.0348377354193,-49.392627990926364,14.940906351962274,1314.0099324056948,13370.865790015863,15375.917651008156,-0.2254959394026321,Arun,Low,13,False,False
GL087699E28817N,Koshi,Arun,0.0211577204992,-49.733083478964055,-21.697264723500265,935.5555942140991,6195.225218594236,8399.407162744857,-0.22577601954589366,Arun,Low,13,False,False
GL087065E27828N,Koshi,Arun,0.0542997326635,-50.091031753089396,8.391751367882271,1944.6447823951398,14265.94392088463,17139.32870396633,-0.22607049035755566,Arun,Low,13,False,False
GL082117E30196N,Karnali,Humla,0.132901232289,125.68699364722853,59.63581397674132,16771.082972619166,39284.10423348313,71327.09619140625,-0.22665997893814577,Humla,Low,13,False,False
GL086151E28257N,Koshi,Tama Koshi,0.0221694099644,51.43050703111581,25.18879238250335,1069.0796516749779,2648.262722426194,4826.609169006348,-0.22708736282420877,Tama Koshi,Low,13,False,False
GL087451E28689N,Koshi,Arun,0.0236868524865,-51.841140373573474,-9.509795055930855,729.658357589232,4724.737397957136,6021.394803813859,-0.22751024001755868,Arun,Low,13,False,False
GL086982E27636N,Koshi,Arun,0.073789207077,-52.525621866506874,14.096658603049706,3838.0146872778705,29302.67441488183,36950.103519873526,-0.2280733376362977,Arun,Low,13,False,False
GL081882E30252N,Karnali,Humla,0.0214343261055,124.28084590363636,106.87203702602137,2196.414870440386,4564.315432806001,8092.949195861816,-0.22847112254261218,Humla,Low,13,False,False
GL087030E28149N,Koshi,Arun,0.0453044674167,-54.18685954972793,-24.84162787956249,1071.2594975111276,4586.323291123795,6375.694693382114,-0.22943997646180103,Arun,Low,13,False,False
GL087587E27790N,Koshi,Arun,0.0274097244992,-55.98244309050294,7.064383638546369,2599.5269511546007,10925.245895878257,13533.275215119003,-0.23091713665750518,Arun,Low,13,False,False
GL081033E29930N,Karnali,West Seti,0.0982836669024,393.7201600595681,11.76475274412203,13993.24929459283,38788.04893071332,56030.68412272135,-0.23129312147965886,West Seti,Low,13,False,False
GL088372E28009N,Koshi,Arun,0.04288682888,-56.7841846690448,7.835682213902374,2648.85234984368,17315.1979973081,19954.46570192225,-0.23157669981353182,Arun,Low,13,False,False
GL086360E28192N,Koshi,Tama Koshi,0.032232686155,46.79824428332312,58.22812745569854,2497.458522620514,10464.74190773252,13496.717394181793,-0.2317505624351183,Tama Koshi,Low,13,False,False
GL086624E28170N,Koshi,Arun,0.0431003072721,-58.12141318244149,-3.711569543610418,1448.3112054232245,10018.442355774754,12832.685572695264,-0.23267678827374222,Arun,Low,13,False,False
GL085089E28958N,Gandaki,Trishuli,0.0313344140692,130.15674493975038,139.23151586048863,3431.8992770792643,10176.71987253825,14113.611075696756,-0.23285909878620498,Trishuli,Low,13,False,False
GL085948E28314N,Koshi,Sun Koshi,0.306795338122,-1706.1726515813737,-28.88874777635327,16165.993398244664,86544.26648084546,113863.92346317063,-0.23327627859703562,Sun Koshi,Low,13,False,False
GL086914E27828N,Koshi,Dudh Koshi,0.0553294353181,138.21448454705862,-4.188899729410955,3165.950997622058,16075.938620225264,20599.23012234557,-0.23397276150193186,Dudh Koshi,Low,13,False,False
GL085045E28692N,Gandaki,Budhi Gandaki,0.0222358502103,-47.57342861679385,16.185497293102742,758.8690794628574,2989.9979860515796,4107.940200805664,-0.23521816027644515,Budhi Gandaki,Low,13,False,False
GL087065E27716N,Koshi,Arun,0.0241028677069,-61.74722635613943,15.584395633683265,1084.0628962276785,6778.090771438346,8160.409009417365,-0.23565961072428362,Arun,Low,13,False,False
GL086654E27969N,Koshi,Dudh Koshi,0.0313285831677,133.44414018985674,43.83874720133537,2175.936388241674,10042.285809109833,13469.304983670105,-0.2368302544456518,Dudh Koshi,Low,13,False,False
GL081812E30324N,Karnali,Humla,0.0226471836766,117.54961634041867,60.97558417573856,2139.2522558877995,5608.376083337201,9807.821334838867,-0.23714106738245755,Humla,Low,13,False,False
GL086502E28221N,Koshi,Tama Koshi,0.0461356043288,40.579457015843914,57.294192462339666,5754.272679996154,13861.769343161835,21879.61378179812,-0.23801088227121928,Tama Koshi,Low,13,False,False
GL082044E29994N,Karnali,Humla,0.0219495206694,116.350425171806,39.81451972982335,1542.5768423656384,4027.4938547862234,6424.301765112785,-0.23868564719312313,Humla,Low,13,False,False
GL086870E27747N,Koshi,Dudh Koshi,0.0207140819133,129.87790946196031,202.8981764368096,942.4215558372553,3245.9601700105277,4656.786658133713,-0.23896646902002663,Dudh Koshi,Low,13,False,False
GL087831E27975N,Koshi,Arun,0.0239059145344,-66.96962618541131,11.79139175869414,1064.9105806443574,9099.924604189773,10787.673607770132,-0.2399558859900521,Arun,Low,13,False,False
GL086897E27886N,Koshi,Dudh Koshi,0.0508579746918,127.67205044385383,59.309243519558066,5452.919802049782,20512.744741648676,27369.05210454604,-0.24028780477843248,Dudh Koshi,Low,13,False,False
GL082738E29354N,Karnali,Bheri,0.0222211915684,90.82048009433944,12.156704514865732,1063.796849105275,6942.383369646029,9165.577928071863,-0.24095815826183023,Bheri,Low,13,False,False
GL086463E27845N,Koshi,Tama Koshi,0.0967780458497,35.9732429529052,9.892992208435887,6379.9383354125775,28784.736011273828,39461.30910566742,-0.2426478592294665,Tama Koshi,Low,13,False,False
GL082084E30215N,Karnali,Humla,0.034531959699,112.09546276783806,22.10571741342254,2611.781794158029,8150.042192742762,13349.731285095217,-0.24416611535893967,Humla,Low,13,False,False
GL086220E28194N,Koshi,Tama Koshi,0.0487791053762,33.88308828526966,25.823028234061475,3611.0481682487352,12901.727593347427,18257.69784375359,-0.2447519731287705,Tama Koshi,Low,13,False,False
GL088221E27988N,Koshi,Arun,0.131941236074,-73.40491687533732,-10.95812907044183,11192.9663190754,43090.86865625396,57367.41210560518,-0.24524996172592195,Arun,Low,13,False,False
GL086844E27886N,Koshi,Dudh Koshi,0.0275568652057,118.42646336127049,29.4487947363477,3064.789923529106,6754.07268921635,12591.71221923828,-0.24582602128247683,Dudh Koshi,Low,13,False,False
GL081448E30294N,Karnali,Humla,0.0495666385682,110.41434215865416,-27.361346174005398,2128.6074686741104,7003.765800011175,10929.476051330566,-0.2463314289638116,Humla,Low,13,False,False
GL082670E29428N,Karnali,Mugu,0.025688828778,197.05906195169,106.64376824742372,2734.9617270928425,7298.376058313244,13152.92176205504,-0.2464066940132833,Mugu,Low,13,False,False
GL086500E27857N,Koshi,Tama Koshi,0.0233314963663,32.02177891730227,6.779874775213443,2002.4261678286948,4086.236377342075,7013.348634218703,-0.2466257133704318,Tama Koshi,Low,13,False,False
GL087631E27797N,Koshi,Arun,0.100062799517,-77.60543773727582,33.68815251645668,5849.358297945123,40177.198791324394,51656.15832884546,-0.2487055749444539,Arun,Low,13,False,False
GL087300E27922N,Koshi,Arun,0.0296602524615,-77.83519255973711,-38.59433629132851,1874.140239247479,6401.03834166836,9347.58129906748,-0.24889458574278436,Arun,Low,13,False,False
GL081573E29924N,Karnali,Kawari,0.0370625002791,13.729013306302118,72.7957463539953,2959.2729303517694,6558.592559262098,13647.415496826172,-0.24904934597297973,Kawari,Low,13,False,False
GL085120E28274N,Gandaki,Budhi Gandaki,0.0419729212426,-51.87822644801447,-1.416572370969454,1857.2018804924166,9242.168307529639,11845.258903503418,-0.24936572237549495,Budhi Gandaki,Low,13,False,False
GL082355E29636N,Karnali,Mugu,0.0226240826804,195.5210521777729,128.35732631319433,2431.9414099587984,6702.318040668838,9441.496147155762,-0.25013776242787245,Mugu,Low,13,False,False
GL086670E28028N,Koshi,Dudh Koshi,0.0265297855624,108.71896748623939,129.86404421822667,3486.0036144685355,8776.84864068585,12972.024315388991,-0.2516409266408738,Dudh Koshi,Low,13,False,False
GL086958E27836N,Koshi,Dudh Koshi,0.0436308224606,106.31329723753548,343.055692308657,5118.268796044955,11356.18069810594,18968.79282085942,-0.2530819517002514,Dudh Koshi,Low,13,False,False
GL082576E29700N,Karnali,Mugu,0.0343315737692,193.71027529304905,45.16538307354454,2926.651808000466,7175.291030925215,11142.151485757266,-0.2545305384394671,Mugu,Low,13,False,False
GL083638E29104N,Gandaki,Kali Gandaki,0.0274296516432,31.86070161082593,33.92823634171056,3030.1858071103134,5636.437898334946,10708.91944885254,-0.2549759730794345,Kali Gandaki,Low,13,False,False
GL086569E27727N,Koshi,Dudh Koshi,0.0292025908388,102.43976877101949,17.41357554539534,1426.0177621262412,9215.954393794778,11535.623330299532,-0.2554022412708895,Dudh Koshi,Low,13,False,False
GL086545E27676N,Koshi,Dudh Koshi,0.0271026456237,99.44124124202735,19.704949630758822,1984.3836577460843,7280.87244899744,10204.80254432828,-0.2571983948845609,Dudh Koshi,Low,13,False,False
GL081950E30166N,Karnali,Humla,0.0260591006007,101.86181154257264,65.83626949829467,2388.6029721021364,6127.8688898193,10507.598591673608,-0.25734724234324263,Humla,Low,13,False,False
GL087485E27587N,Koshi,Arun,0.0208321792665,-88.8598074247446,3.162442868545147,2174.5955084195866,8111.020666124164,9970.641999876734,-0.25796412880872743,Arun,Low,13,False,False
GL086704E27977N,Koshi,Dudh Koshi,0.0232016840366,97.81004804197362,146.05316504451346,1737.299007892374,4120.233373634488,6774.527221679688,-0.25817549899067443,Dudh Koshi,Low,13,False,False
GL086933E27825N,Koshi,Dudh Koshi,0.0221764683408,97.02220617999988,61.13093429715805,1533.8836322364511,6601.30363871947,8203.510065325569,-0.2586474256258991,Dudh Koshi,Low,13,False,False
GL086985E27802N,Koshi,Dudh Koshi,0.0210495913853,95.56901337324206,30.307831289134064,1095.8828550770372,6593.78522885698,8288.138912904029,-0.25951790538170666,Dudh Koshi,Low,13,False,False
GL088067E27834N,Koshi,Tamor,0.031324364287,-16.121016207010246,28.768905996765515,3129.1920484098564,9695.522861843196,13854.823035176596,-0.25997465917613855,Tamor,Low,13,False,False
GL081738E29918N,Karnali,Humla,0.0201931405894,99.42827622475905,115.39442117135164,1965.2968512022005,3159.0595622020965,6133.022109985352,-0.26048167963632674,Humla,Low,13,False,False
GL087168E28041N,Koshi,Arun,0.147451786674,-92.5900644372626,59.09554617714493,11553.579365812671,49544.557049684816,65838.22306605321,-0.2610328733441444,Arun,Low,13,False,False
GL086425E28001N,Koshi,Tama Koshi,0.0426547141391,16.870900017710806,7.94670658629191,1769.7475480168332,11650.990919513039,13865.302277419143,-0.2618777783840535,Tama Koshi,Low,13,False,False
GL082299E30002N,Karnali,Humla,0.0274766884388,97.46383788214236,44.70618189669275,3130.2738736957144,7830.968278162799,11738.055633544922,-0.26301191158159143,Humla,Low,13,False,False
GL087050E27645N,Koshi,Arun,0.0229905847282,-95.26433034879182,6.512242977552828,1324.573026422656,8991.275319896025,11049.974291692995,-0.2632328930411028,Arun,Low,13,False,False
GL082355E29850N,Karnali,Humla,0.0482376737576,95.95853921898083,-36.569013033718065,4850.39459949829,10881.799095614104,18957.261603112314,-0.264950763355184,Humla,Low,13,False,False
GL082589E29269N,Karnali,Bheri,0.100543911727,82.42522233643774,0.18150836259437717,5668.985019785109,30202.730301214015,42174.84065123914,-0.26628192995490496,Bheri,Low,13,False,False
GL087679E27803N,Koshi,Tamor,0.0337437861757,-19.332131948965827,0.29835293340510805,2495.599425154549,10752.653089154504,13805.804288168514,-0.2675631381507997,Tamor,Low,13,False,False
GL087103E28169N,Koshi,Arun,0.029304580106,-100.84556863164588,42.741760628678826,2167.361905574888,9873.158954064555,13919.832473904478,-0.2678243714362622,Arun,Low,13,False,False
GL086599E27711N,Koshi,Dudh Koshi,0.0890089555989,81.27936744730994,20.65064199922846,5411.411942000953,18236.327888069904,24958.5750656128,-0.26807757305851954,Dudh Koshi,Low,13,False,False
GL082061E30170N,Karnali,Humla,0.0214119538859,92.97352563109646,129.16624951399416,1874.4732233159446,3353.335435004831,7151.7441482543945,-0.2687955145867517,Humla,Low,13,False,False
GL082394E29978N,Karnali,Humla,0.0340694315003,92.84609168787722,-7.4072661442062415,1328.1911370127175,6991.458648472206,10963.821716308594,-0.26895965179943454,Humla,Low,13,False,False
GL086645E27771N,Koshi,Dudh Koshi,0.0264575508665,79.63601446268903,27.211524852630557,1545.4759141904324,8824.870514116243,11072.365769569547,-0.2690619610200523,Dudh Koshi,Low,13,False,False
GL088327E28001N,Koshi,Arun,0.0554167185377,-102.40517564480524,-15.347568716283472,3388.4986531764443,10582.17824661002,15703.52374982647,-0.2691074024668239,Arun,Low,13,False,False
GL086096E28135N,Koshi,Tama Koshi,0.0273966326922,7.922994857521704,-39.328623462755125,3023.724196285894,9549.930912598946,12925.257697999245,-0.2708854427013101,Tama Koshi,Low,13,False,False
GL081291E30398N,Karnali,Humla,0.0382107926426,90.74164955420308,94.78135697052326,3602.0610873895416,11603.28282447228,16506.10813140869,-0.27167021114765555,Humla,Low,13,False,False
GL086793E27891N,Koshi,Dudh Koshi,0.0351866785703,70.54634709932586,115.98783727604875,4207.894456226086,11130.962707947607,17814.095883029117,-0.27450677975989,Dudh Koshi,Low,13,False,False
GL087563E28178N,Koshi,Arun,1.11712926596,-109.8949457771411,15.964274840450576,43153.02536882775,268364.4301093192,326265.6204919853,-0.27526895945552576,Arun,Low,13,False,False
GL081382E30212N,Karnali,Humla,0.0496645788652,87.89985541779586,-10.896699725728919,3825.575300690007,18638.804930064114,24114.24675113453,-0.2753304931477644,Humla,Low,13,False,False
GL086849E27608N,Koshi,Dudh Koshi,0.0907545290746,67.79183122322075,40.717192750159874,9219.392233147293,32409.390144433302,43485.7256306667,-0.27615676749451806,Dudh Koshi,Low,13,False,False
GL086469E28084N,Koshi,Tama Koshi,0.0276542923495,2.130417279944704,-11.198735663372988,1877.622642792693,8344.582864955253,12117.20553304635,-0.27671670637882745,Tama Koshi,Low,13,False,False
GL087614E27659N,Koshi,Tamor,0.0225724082612,-23.434590230134912,-20.028570556353365,1009.030708910864,2785.9583542054233,4018.2874992819393,-0.27725802955702383,Tamor,Low,13,False,False
GL087629E28071N,Koshi,Arun,0.0340544942936,-113.09744387599699,-14.548751994884364,2467.687509327543,11924.746047301604,15024.31638476802,-0.2779035362440869,Arun,Low,13,False,False
GL086781E27950N,Koshi,Dudh Koshi,0.0350124292268,64.65842825682682,55.402214741292454,1858.0833629355463,12059.968388794774,13846.77845141841,-0.2780337130975717,Dudh Koshi,Low,13,False,False
GL086680E28028N,Koshi,Dudh Koshi,0.0237089735862,64.3463645601346,51.873612371362476,1950.9604718704836,5588.568952000592,8876.491917748546,-0.2782206429593421,Dudh Koshi,Low,13,False,False
GL086305E28216N,Koshi,Tama Koshi,0.0227361545428,-0.16652752613866273,15.37452366483168,1678.1763669740208,6674.92724325603,9282.948125143612,-0.2790289914777486,Tama Koshi,Low,13,False,False
GL084255E28496N,Gandaki,Marsyangdi,0.112379864067,-199.70326021535888,10.29953801444243,11540.866999734795,27168.62879333036,45779.484221843646,-0.27933860284976264,Marsyangdi,Low,13,False,False
GL080876E30349N,Karnali,Humla,0.022076988518,84.6954711527744,59.00559484313711,1659.7779519622827,2979.8906375315396,6959.176294364181,-0.2794577977601663,Humla,Low,13,False,False
GL087709E27651N,Koshi,Tamor,0.0584607513301,-24.41725143550929,77.68505428174102,5828.104304385932,26201.464624868084,32400.262702523025,-0.2795802454145119,Tamor,Low,13,False,False
GL083632E29024N,Gandaki,Kali Gandaki,0.0355705212488,21.2429429433802,-4.902082304781218,2560.5013686141865,11352.451354352166,16380.523406982422,-0.2801281793533023,Kali Gandaki,Low,13,False,False
GL086131E27930N,Koshi,Tama Koshi,0.0291034909506,-2.2333929762604288,-3.6346550330142104,2601.426733314659,5875.201835135206,10152.449747272569,-0.28110966062100967,Tama Koshi,Low,13,False,False
GL086698E27941N,Koshi,Dudh Koshi,0.185082381615,55.61945586744004,-5.234309620137256,12187.76099985451,38315.506217187845,54323.7922685511,-0.28344816494571934,Dudh Koshi,Low,13,False,False
GL082401E29432N,Karnali,Tila,0.0337777938968,287.6954151908943,291.66769244505036,2316.3385754655965,5492.340936707371,8331.939270019531,-0.28363164176260447,Tila,Low,13,False,False
GL086325E28231N,Koshi,Tama Koshi,0.0320311235991,-5.314524670341437,27.29294598893529,1433.5576507837743,7720.449643515102,9511.601845146628,-0.2842113698502295,Tama Koshi,Low,13,False,False
GL086774E27962N,Koshi,Dudh Koshi,0.0372118897978,54.29569473792704,23.277164913986287,1394.4600858333367,14972.452517769241,17700.136768445784,-0.2842411135891529,Dudh Koshi,Low,13,False,False
GL081374E30293N,Karnali,Humla,0.0963492949438,79.32468406711743,-3.1964730511588457,2629.124418399571,32266.746752128776,40362.16696166992,-0.2863754682008905,Humla,Low,13,False,False
GL082249E29971N,Karnali,Humla,0.160284632968,79.22095597589211,-3.6657039158466067,10735.222356837103,32242.085053650175,46112.96114597695,-0.2865090718494988,Humla,Low,13,False,False
GL085442E28235N,Gandaki,Trishuli,0.0233644378869,96.72774202297072,74.95443268007891,1110.873332897691,2832.4200368728752,4630.005236068426,-0.2870811954970348,Trishuli,Low,13,False,False
GL086356E28236N,Koshi,Tama Koshi,0.0876727024625,-8.642192721063848,26.09869030949047,6325.768404349468,24307.734308109888,32602.82963487213,-0.287561261944921,Tama Koshi,Low,13,False,False
GL085258E28970N,Gandaki,Trishuli,0.04379538598,95.88693982457043,47.750468389870065,3082.68843081628,9992.385092197608,15865.841842651367,-0.2884449830509093,Trishuli,Low,13,False,False
GL082311E29513N,Karnali,Mugu,0.0238535056879,179.40982994386997,9.551026772990632,1131.179736881718,6291.619898630088,8672.328079223633,-0.2892220864788463,Mugu,Low,13,False,False
GL082471E29842N,Karnali,Mugu,0.0320725237503,179.11023511633866,91.3517642546902,2417.758220809104,5472.469638033906,11151.488174438477,-0.28994887561707744,Mugu,Low,13,False,False
GL086580E27908N,Koshi,Dudh Koshi,0.0288875954227,43.20766532846999,31.09922808021806,2638.118937001055,9253.625014655801,12357.826004626704,-0.290882974936007,Dudh Koshi,Low,13,False,False
GL085432E28473N,Gandaki,Trishuli,0.0230875815069,93.84875414502484,9.135107045920591,2119.719258634503,5614.122216106432,8493.348718441233,-0.2917509357084287,Trishuli,Low,13,False,False
GL086960E27820N,Koshi,Dudh Koshi,0.05118166134,40.70671621526892,5.93010647694327,1612.8564843766765,17698.69744063848,20950.93785834219,-0.2923810731671726,Dudh Koshi,Low,13,False,False
GL081783E30286N,Karnali,Humla,0.0211314560335,74.36821843307362,-11.035526869485368,1482.0850553334956,5172.368747072523,7229.576721191406,-0.29275948515413297,Humla,Low,13,False,False
GL087748E27804N,Koshi,Tamor,0.0326177235081,-30.90700115359195,-3.4475047271347896,862.0241413489856,7539.779262532368,8811.244217367734,-0.2949167618293614,Tamor,Low,13,False,False
GL086925E27824N,Koshi,Dudh Koshi,0.0252942949049,31.852739211059635,-30.366401032251655,648.0638954066103,2299.0275821622504,4139.128663156547,-0.2976847105817736,Dudh Koshi,Low,13,False,False
GL086316E28247N,Koshi,Tama Koshi,0.0297145885526,-19.627238313444163,48.57988116098338,1302.4297777201568,7985.168835331842,9649.624478149412,-0.29861967186707417,Tama Koshi,Low,13,False,False
GL086831E28142N,Koshi,Arun,0.0321785946884,-138.60717855994704,-17.39525582952068,1623.557505163516,9974.367989373532,12984.39695676916,-0.29888945186561267,Arun,Low,13,False,False
GL082010E30314N,Karnali,Humla,0.0338006587364,69.09650718213885,10.123698373180126,3273.6232184653877,3626.1212293391854,10572.430298031071,-0.29954954413636564,Humla,Low,13,False,False
GL088003E27547N,Koshi,Tamor,0.0282499649408,-33.32230406006785,34.17711221939714,1929.6352705054846,10100.093437300693,13044.32882573745,-0.3006245832833674,Tamor,Low,13,False,False
GL081577E30291N,Karnali,Humla,0.0224012556219,68.09245591364001,339.2690138261629,2285.7231628982986,3598.1080041416453,7315.247817993164,-0.3008427802431581,Humla,Low,13,False,False
GL081534E30271N,Karnali,Humla,0.0438075301456,67.5715883160893,20.495745412069468,2086.9845905902607,5609.125026662605,9899.11766052246,-0.3015136670844425,Humla,Low,13,False,False
GL085396E28561N,Gandaki,Trishuli,0.0444637306047,86.94000034065155,21.835065805853322,2136.126583400119,8473.879102874342,12739.441543459425,-0.30295698686899164,Trishuli,Low,13,False,False
GL086501E28267N,Koshi,Arun,0.0275332227298,-143.92287029372392,-3.6525885467684818,2411.1392322509064,8089.406682093003,11351.24993537454,-0.3032624749321862,Arun,Low,13,False,False
GL085610E28233N,Gandaki,Trishuli,0.0359887009076,86.69657692937004,35.172409995960635,3346.7385703741743,14285.288952270785,18520.752685546875,-0.3033518214915212,Trishuli,Low,13,False,False
GL085601E28287N,Gandaki,Trishuli,0.0321580210886,86.6792061026308,33.3598420829607,2163.0506369392897,10445.472581113698,14124.893836975098,-0.3033799971044686,Trishuli,Low,13,False,False
GL081677E30313N,Karnali,Humla,0.0294848004199,65.29509475089911,136.61964260534845,2373.7709728884856,6762.296677832511,9878.063315148447,-0.3044458317733893,Humla,Low,13,False,False
GL081890E30343N,Karnali,Humla,0.0380120067168,64.18944628813541,150.00022142357264,3329.9000784661175,4580.159939646541,11246.66347919539,-0.30586992689514875,Humla,Low,13,False,False
GL082980E28790N,Karnali,Bheri,0.0865082330854,69.11169825666744,34.076580638806306,9237.817544711113,25171.088443582346,40282.90369771322,-0.306441345418835,Bheri,Low,13,False,False
GL087477E27996N,Koshi,Arun,0.0653787115153,-149.09433354347087,37.99738778898423,6236.9542157142105,21554.346746591422,34116.143335828594,-0.30751684655712097,Arun,Low,13,False,False
GL087527E28247N,Koshi,Arun,0.0458450361207,-150.130220050643,-10.798396273530448,3006.6035469683693,10337.058920460699,15519.883615022549,-0.30836903208951966,Arun,Low,13,False,False
GL081516E30277N,Karnali,Humla,0.0230734686516,61.73943907136283,75.66030808929257,1218.2105875698674,5730.634145938648,7746.6591873168945,-0.30902558029058685,Humla,Low,13,False,False
GL087981E27647N,Koshi,Tamor,0.0223829715305,-37.120800792592995,18.039197516836172,1985.5308127234357,7550.969123962311,10049.361653167129,-0.30960115557363677,Tamor,Low,13,False,False
GL085166E28377N,Gandaki,Trishuli,0.0278432295344,82.12884740979477,49.55780798324805,2059.7013870113396,7485.344648390552,12163.730993083878,-0.31076071347600226,Trishuli,Low,13,False,False
GL085403E28552N,Gandaki,Trishuli,0.0230216055267,81.19784643908469,19.406173064039834,2122.9051465011275,6246.545473686207,9266.535391863654,-0.31227080412385644,Trishuli,Low,13,False,False
GL086588E27970N,Koshi,Dudh Koshi,0.0245639164884,7.2040734134701765,7.436502191884451,887.2651519569978,7781.1815332450105,9150.645050048828,-0.31244955423134974,Dudh Koshi,Low,13,False,False
GL087111E28142N,Koshi,Arun,0.26983337766,-156.86325418249743,13.627038506979552,15968.566754020625,65923.52177908136,92680.73119354248,-0.31390805034739483,Arun,Low,13,False,False
GL081436E30267N,Karnali,Humla,0.0246489994437,57.675129209492574,-2.231375227752199,1973.4578405991113,5691.071342408423,9025.179462806853,-0.3142604845504276,Humla,Low,13,False,False
GL083491E29161N,Karnali,Bheri,0.0426632313502,66.45451732258215,22.806683354562182,3562.1640788705345,14833.72284783411,20013.74870300293,-0.31445656606630507,Bheri,Low,13,False,False
GL087479E28128N,Koshi,Arun,0.0308059575197,-157.82854904457545,10.178977404928501,3472.8113613358173,10984.299332949262,14430.781720239976,-0.31470216274317003,Arun,Low,13,False,False
GL085439E28518N,Gandaki,Trishuli,0.0459876651256,79.67717571295553,65.92157456049024,4343.554986663793,11645.87394573045,20832.01514515596,-0.31473734359506855,Trishuli,Low,13,False,False
GL086343E28181N,Koshi,Tama Koshi,0.0297606213632,-36.491375928704706,26.51708119933478,3854.212982840379,8465.908611061705,12997.002082824709,-0.3155964377043058,Tama Koshi,Low,13,False,False
GL085780E28441N,Koshi,Arun,0.487690502913,-159.47368458601767,-14.704800938569893,31211.49212874112,115552.1653260359,173010.93329970416,-0.3160555549319332,Arun,Low,13,False,False
GL087577E27776N,Koshi,Arun,0.0742555426933,-159.48630064454784,21.39019905566882,5929.2358339621815,15229.717064007373,24740.641896146888,-0.3160659336968663,Arun,Low,13,False,False
GL088211E27994N,Koshi,Arun,0.0553146623993,-161.9086086869105,1.1249844824474748,2399.987994730383,22690.02374369534,27434.819605479526,-0.31805867696982365,Arun,Low,13,False,False
GL081662E30118N,Karnali,Humla,0.0226086170522,54.19341571021253,-24.12177948780646,2993.9736213220717,3849.201100073537,9122.422405676749,-0.31874499420849267,Humla,Low,13,False,False
GL087624E27635N,Koshi,Tamor,0.0894634355486,-41.86671004078498,72.29292229465786,10936.09856674448,29578.583448556754,41457.18062226538,-0.32081664434440965,Tamor,Low,13,False,False
GL081837E30288N,Karnali,Humla,0.0253571913058,52.00716116292252,15.14034218591409,2388.1329539869917,6623.465461457082,10671.956092834473,-0.32156092941807785,Humla,Low,13,False,False
GL085582E28459N,Gandaki,Trishuli,0.0529583172484,75.38928267617236,37.57043633439244,2329.361464235357,6087.206745365194,9716.998306154735,-0.3216923386783784,Trishuli,Low,13,False,False
GL087507E27586N,Koshi,Tamor,0.035672407082,-43.435768007928786,-0.8861154816071233,3633.81878518298,12225.773391528006,18074.873342686074,-0.32452462759712297,Tamor,Low,13,False,False
GL086570E27823N,Koshi,Dudh Koshi,0.0411092415087,-16.1544796089445,-1.1465366440041587,1038.7278708120316,12773.991290250984,14085.868950039732,-0.3264416050014979,Dudh Koshi,Low,13,False,False
GL082104E30203N,Karnali,Humla,0.0436502111832,48.02369396026467,-41.66346752200623,5156.170120513776,9832.84616783913,19983.93270111084,-0.32669170687768173,Humla,Low,13,False,False
GL086338E28156N,Koshi,Tama Koshi,0.0782295090871,-47.722665519360675,-44.4256918969942,7385.249255250908,19023.935923603687,33993.200859069824,-0.32690273618103094,Tama Koshi,Low,13,False,False
GL082675E29822N,Karnali,Mugu,0.0311331768014,163.5324576790697,66.10180391510116,3206.5127624098454,7690.278554317421,12277.702682495115,-0.3277391122926643,Mugu,Low,13,False,False
GL081098E30146N,Karnali,Humla,0.0209849982333,47.143078146410495,11.475312161901458,1258.0734697220266,5688.990354981574,8337.756723561006,-0.3278259558970483,Humla,Low,13,False,False
GL086926E27859N,Koshi,Dudh Koshi,0.0308456343845,-18.75225314119984,-1.3538717031914624,1936.8059516749854,12870.015199360334,16521.134124725937,-0.32799770220999297,Dudh Koshi,Low,13,False,False
GL086436E28230N,Koshi,Tama Koshi,0.0682845184743,-49.300281335606904,1.9378306517309138,3203.8568098307137,25208.36319888706,28352.388646892472,-0.32849088820543615,Tama Koshi,Low,13,False,False
GL085581E28356N,Gandaki,Trishuli,0.0619578166838,70.89255348111907,-1.3694218862103684,5124.81812311804,22608.670992337746,30495.443873147404,-0.3289860675970535,Trishuli,Low,13,False,False
GL081360E30211N,Karnali,Humla,0.0234445273493,46.03459698283145,80.42443836726747,2070.672471924002,4812.965313831174,8613.08470916748,-0.32925369958844664,Humla,Low,13,False,False
GL081917E30200N,Karnali,Humla,0.0219862356883,42.91476722903043,27.212024708974386,1186.080565286174,4461.595507870037,6718.905212402344,-0.3332720964684118,Humla,Low,13,False,False
GL086682E28025N,Koshi,Dudh Koshi,0.100897207429,-28.558135640777333,-31.33522594424204,7464.4713177549165,30377.104598881644,47826.45587553136,-0.3338715423253689,Dudh Koshi,Low,13,False,False
GL085161E28979N,Gandaki,Trishuli,0.035531673155,67.29138296777086,67.27263561094588,3429.165644664021,10547.262727590707,16038.81600189209,-0.3348271935299165,Trishuli,Low,13,False,False
GL087166E28037N,Koshi,Arun,0.0957642484599,-182.30145706755383,43.39603408599288,5031.412598491589,36538.323062338626,46279.46213402842,-0.33483511940252403,Arun,Low,13,False,False
GL086424E27996N,Koshi,Tama Koshi,0.0657380017175,-55.95180321980905,-58.47826489974545,7427.443282590759,18820.94344536507,31579.778999328613,-0.33518683270408267,Tama Koshi,Low,13,False,False
GL082673E29802N,Karnali,Mugu,0.0296939657087,160.3961441327726,58.722271820587046,1956.9308752766515,6136.305274671093,11415.27163696289,-0.3353475167444996,Mugu,Low,13,False,False
GL087150E28274N,Koshi,Arun,0.127329319396,-183.26006620785657,45.52624126293821,9340.00068041373,35683.8590507956,49783.67114251829,-0.335623731702168,Arun,Low,13,False,False
GL083503E29231N,Karnali,Mugu,0.0291109628784,160.19759011131973,155.7376279502398,2093.002042559721,8372.274584109393,11780.27433357987,-0.33582919030119335,Mugu,Low,13,False,False
GL082376E29853N,Karnali,Humla,0.0286070628904,39.646617216387035,-2.62795985622618,2349.6605015100045,6013.450270119692,10199.450790405272,-0.33748153251153695,Humla,Low,13,False,False
GL086263E28055N,Koshi,Tama Koshi,0.0251066356053,-59.88185883102607,26.4368295016544,1637.593073608089,7802.680472931782,11603.521784314922,-0.3391431354431302,Tama Koshi,Low,13,False,False
GL087732E27639N,Koshi,Tamor,0.0297013173051,-49.729995651343366,3.8040149695364573,1172.7826852519051,10431.59354670598,12390.285248101927,-0.33939908805636954,Tamor,Low,13,False,False
GL086581E27904N,Koshi,Dudh Koshi,0.0258935343382,-39.10191572904843,13.274317022399226,1738.920590379407,9017.009383959648,10916.849731445312,-0.34018739186291513,Dudh Koshi,Low,13,False,False
GL086303E28143N,Koshi,Tama Koshi,0.0207932318298,-63.35788799220935,-1.1493362127484654,2295.5418883650573,6974.357947755473,10485.593719931208,-0.3426423794874504,Tama Koshi,Low,13,False,False
GL085399E28079N,Gandaki,Trishuli,0.0207156788788,61.71683487730866,-5.3506578214088906e-05,1012.5952150119583,5953.198082511062,7735.122497558594,-0.3438691528857696,Trishuli,Low,13,False,False
GL081342E30313N,Karnali,Humla,0.0360049999944,33.75420270384291,-11.086982219984668,949.4038789314295,10196.1159747876,13482.698962701535,-0.3450710684674078,Humla,Low,13,False,False
GL087428E28137N,Koshi,Arun,0.233146140486,-194.8433408206612,36.69039377495966,17220.609841675276,51096.818063377505,82082.89602275177,-0.3451528634887962,Arun,Low,13,False,False
GL082189E29673N,Karnali,Humla,0.0213445151906,33.60675335978416,-27.63506312067099,1010.1236219325771,2439.0009120636214,7533.195487976074,-0.34526098587665005,Humla,Low,13,False,False
GL085549E28495N,Gandaki,Trishuli,0.0224706841359,60.22250972962351,45.476644191475884,1444.4077869143362,6522.0959370033415,8320.96849227606,-0.34629295962858264,Trishuli,Low,13,False,False
GL081328E30429N,Karnali,Humla,0.0200745430988,32.7755973369596,22.222185690182453,906.975137684307,2771.3222485066176,6359.762596130371,-0.3463315297948921,Humla,Low,13,False,False
GL086180E28272N,Koshi,Tama Koshi,0.0747980389566,-67.6009819190218,76.49659170434077,7462.897407248192,17901.981520805533,29482.218101501465,-0.34691381118851117,Tama Koshi,Low,13,False,False
GL087716E27638N,Koshi,Tamor,0.0224587985663,-52.93878734484214,54.20092216081965,2428.6803395227557,7337.680225836061,10411.146464748008,-0.3469820748612468,Tamor,Low,13,False,False
GL087193E28064N,Koshi,Arun,0.107751109367,-198.94178165549985,-17.477758450215468,9091.0642823284,25388.243168844965,41387.25934400372,-0.34852449924296397,Arun,Low,13,False,False
GL086320E28229N,Koshi,Tama Koshi,0.0865194072568,-71.01097105791062,2.573467651591198,3408.4093903052362,26617.73625165154,34000.099037050735,-0.350346574158023,Tama Koshi,Low,13,False,False
GL085397E28053N,Gandaki,Trishuli,0.0611304618821,57.244512767581995,10.74381552669025,3373.4837780973626,20512.42922621507,25760.589073181152,-0.3511232933266099,Trishuli,Low,13,False,False
GL086690E27951N,Koshi,Dudh Koshi,0.427110678015,-58.32213731916634,-31.96089527868544,17412.10928721596,58414.42669910643,90648.99864486992,-0.3517005329399487,Dudh Koshi,Low,13,False,False
GL086746E27933N,Koshi,Dudh Koshi,0.0762743137666,-60.638114849633375,57.87389725520493,7068.595221154056,19919.501436883114,36311.11982753978,-0.353087830995514,Dudh Koshi,Low,13,False,False
GL086445E27925N,Koshi,Tama Koshi,0.0298878862681,-76.10692862568416,-26.19818969767892,526.2649382354327,2027.7296178849392,5129.824074389888,-0.3554765654044342,Tama Koshi,Low,13,False,False
GL086854E27647N,Koshi,Dudh Koshi,0.0524819664488,-74.09006383896323,11.787133959261167,2190.2568114886367,22435.28118167377,26831.06923139984,-0.36114570825509995,Dudh Koshi,Low,13,False,False
GL087523E27959N,Koshi,Arun,0.0551755304587,-214.69200788192506,-0.03618103262845132,4352.943952502217,15632.33499532386,22966.826736450195,-0.36148162806859874,Arun,Low,13,False,False
GL082374E29476N,Karnali,Tila,0.0585031882017,254.8250294852015,-1.1170766895389512,8845.592365283583,23777.515881349955,33916.53281588088,-0.3623993520122147,Tila,Low,13,False,False
GL083477E29190N,Karnali,Bheri,0.0224875019083,50.43776287990432,25.330745104418295,1160.962203427809,6852.765224158746,8786.291305541992,-0.36277010740917265,Bheri,Low,13,False,False
GL087261E27947N,Koshi,Arun,0.0604616859251,-218.40221928138345,11.115932254153877,5091.025888011786,21975.13088715152,30683.77152066698,-0.3645338818192441,Arun,Low,13,False,False
GL085371E28969N,Gandaki,Trishuli,0.0657240215675,48.86236579334549,14.477362403250135,3197.4684467341017,18213.805153491452,22142.603477478027,-0.3647191994029263,Trishuli,Low,13,False,False
GL086518E28042N,Koshi,Tama Koshi,0.0243952891782,-85.2985386244106,-8.903431880630535,1060.3790687323533,10028.27923100214,11370.82468219832,-0.3647295621585836,Tama Koshi,Low,13,False,False
GL081734E29892N,Karnali,Kawari,0.0521273855149,-47.32638134963553,-41.357904770869744,4321.163351004687,6594.209881697666,13997.282791137695,-0.36488411623719885,Kawari,Low,13,False,False
GL085534E28433N,Gandaki,Trishuli,0.0207367508833,48.723131457712995,46.54256446130003,2420.979591262412,5943.418311667695,9111.885932922363,-0.36494503855316734,Trishuli,Low,13,False,False
GL086641E28007N,Koshi,Dudh Koshi,0.0378908466763,-82.08624192681461,-49.26750683207396,2669.8563304173313,10090.709563309107,15491.501225071326,-0.3659355139277802,Dudh Koshi,Low,13,False,False
GL087543E27617N,Koshi,Tamor,0.102865239982,-61.05794028454893,1.169589394470138,5199.995731852616,41599.90505994794,48228.27873083377,-0.36616918187517883,Tamor,Low,13,False,False
GL087299E27912N,Koshi,Arun,0.0645214354445,-220.6044649263464,30.24035845591706,4930.498184269707,16752.51053224912,26644.298277671667,-0.36634558789363714,Arun,Low,13,False,False
GL086928E27824N,Koshi,Dudh Koshi,0.0432428344598,-89.31516666079398,-23.82081397916002,2327.571652615006,11273.099042484519,17594.744607902976,-0.370265725726189,Dudh Koshi,Low,13,False,False
GL082303E29500N,Karnali,Mugu,0.0216999119794,145.76038126321848,243.537719243154,1365.958879774941,3040.461569241485,5377.519882202148,-0.3708525138466524,Mugu,Low,13,False,False
GL087695E27629N,Koshi,Tamor,0.128685361254,-63.51019782937801,5.51799963183079,4850.568570472987,18546.17173072504,23917.71133422852,-0.37196433418820535,Tamor,Low,13,False,False
GL080387E30445N,Karnali,Kali,0.119875055609,28.856204743109753,12.459747349893297,7867.031688928634,33414.99730477772,49151.28603363037,-0.37270078704464465,Kali,Low,13,False,False
GL086647E27933N,Koshi,Dudh Koshi,0.0393461644651,-98.76346794996338,18.073985335226876,1607.3987915849807,13556.761873609445,15780.480384557388,-0.3759253704483109,Dudh Koshi,Low,13,False,False
GL086249E28181N,Koshi,Tama Koshi,0.0477236133699,-96.56722709262871,-8.804957806489217,4336.444815645072,15339.61154460418,22448.591547947304,-0.37607350928366734,Tama Koshi,Low,13,False,False
GL086157E28303N,Koshi,Sun Koshi,0.624794351595,-2622.0377158779993,-20.57073053854708,25512.339105746833,121963.34378248073,164964.58434642715,-0.3761512964555356,Sun Koshi,Low,13,False,False
GL087637E28184N,Koshi,Arun,0.062128048408,-237.65579830449903,-3.5628292739197818,3146.5956518942335,19484.95599753033,24545.147987455475,-0.380373089470655,Arun,Low,13,False,False
GL086663E27996N,Koshi,Dudh Koshi,0.0232068755711,-109.66216187652813,19.44799239112344,1616.5038701317892,7657.113502746398,9897.048949477252,-0.3824538175915251,Dudh Koshi,Low,13,False,False
GL082096E30202N,Karnali,Humla,0.0204994351482,4.4937868122807965,-18.749717504784442,2014.6354274416437,5787.320620207405,9385.016644496543,-0.38275901082448127,Humla,Low,13,False,False
GL086955E27817N,Koshi,Dudh Koshi,0.0829570455387,-110.44169067838112,4.577827921384458,5512.6687564849235,30217.734403064205,40529.81211853027,-0.38292076460497465,Dudh Koshi,Low,13,False,False
GL082342E29704N,Karnali,Mugu,0.0485612877646,140.36675891387245,17.830345236976473,3022.2505301682586,20802.80667562125,25869.157461876966,-0.3839369391403967,Mugu,Low,13,False,False
GL082087E30350N,Karnali,Humla,0.0827947019417,1.811567486281834,-55.08775527182388,7114.15991295703,21875.148430637,36726.81689453125,-0.3862137575964309,Humla,Low,13,False,False
GL082410E29662N,Karnali,Mugu,0.0214654012695,139.11029061266285,134.84430801127476,2488.392815579147,5319.109580671445,8832.965354919434,-0.3869850141735195,Mugu,Low,13,False,False
GL086500E28033N,Koshi,Tama Koshi,0.602939935369,-108.67397263799499,56.02727274761487,42906.38829450855,115191.44143284817,194454.7740720861,-0.3882611105037048,Tama Koshi,Low,13,False,False
GL085631E28397N,Gandaki,Trishuli,0.034596745319,33.3184923030207,22.667261939496182,2372.989695001302,11563.98445194066,15425.271026611328,-0.3899314803001899,Trishuli,Low,13,False,False
GL082336E29892N,Karnali,Humla,0.0244090160944,-1.3346776857478952,-0.7605621698464088,2200.189575188962,8029.947437844485,10547.217929914888,-0.3902661780105533,Humla,Low,13,False,False
GL085488E28537N,Gandaki,Trishuli,0.0268939624952,32.269147342845855,25.264561352610198,1986.585330238177,9765.602902688877,11642.423979007495,-0.39163352579808486,Trishuli,Low,13,False,False
GL087110E28155N,Koshi,Arun,0.0668493382681,-251.8974741450149,13.795453348742882,7723.568210753817,25619.680223840678,35385.46509387446,-0.39208918966538703,Arun,Low,13,False,False
GL082475E29838N,Karnali,Mugu,0.0201622352258,136.29882801025502,68.18165726553764,2416.078110473557,4301.524701742457,8385.531364440918,-0.3938053605019608,Mugu,Low,13,False,False
GL080603E30372N,Karnali,Kali,0.0481847241093,22.978222959552074,-10.606161631590028,3506.250381225023,9525.37552734421,13711.526170229445,-0.39386721222677673,Kali,Low,13,False,False
GL081821E30286N,Karnali,Humla,0.0215860452219,-5.118174920701572,-25.692922413252155,1528.6181435770243,2559.3452795198423,5828.195480915145,-0.39513939055228614,Humla,Low,13,False,False
GL081219E30428N,Karnali,Humla,0.0305677248222,-5.144162771614878,6.0241986804349414,1181.9111882027619,7636.368879186479,9802.942161949008,-0.395172863372045,Humla,Low,13,False,False
GL087633E27675N,Koshi,Tamor,0.0455276052498,-73.44102564776514,54.20251475457353,4994.531144688135,15264.127896334503,21558.14957050997,-0.39543277449266995,Tamor,Low,13,False,False
GL085322E28518N,Gandaki,Trishuli,0.0211021761606,26.79006256369842,-44.489533471028814,1850.6250464203424,5080.697075355036,8556.743168610217,-0.40052064293769435,Trishuli,Low,13,False,False
GL086147E28255N,Koshi,Tama Koshi,0.0344854685393,-122.48847571654294,4.239960127941238,3401.3773417019374,11067.020157760231,15985.395354656146,-0.40216787462486564,Tama Koshi,Low,13,False,False
GL085697E28178N,Gandaki,Trishuli,0.0654280540989,25.72767773845923,24.5762091177908,8016.708324888362,21045.92275165541,30034.35731506348,-0.40224383919579526,Trishuli,Low,13,False,False
GL086777E27951N,Koshi,Dudh Koshi,0.0337471393814,-143.46221595982777,16.843326583034703,2573.723822439664,10462.117061696692,14980.657505140118,-0.40270045154669604,Dudh Koshi,Low,13,False,False
GL086419E27749N,Koshi,Likhu,0.0367521656667,342.2116476611726,167.27306470617904,4021.917293856543,8797.842800056376,14194.11972808838,-0.4037096833211098,Likhu,Low,13,False,False
GL087919E27906N,Koshi,Tamor,0.0312220491367,-77.82294808050537,-3.1807068740043487,2860.064449034673,11311.29899982205,15983.861890546012,-0.4057880929930223,Tamor,Low,13,False,False
GL085438E28482N,Gandaki,Trishuli,0.0564793730511,23.375894737284767,66.90636534644767,5372.0319236628475,14305.038191128784,20930.19887542725,-0.40605844909158006,Trishuli,Low,13,False,False
GL082562E29855N,Karnali,Mugu,0.0608811282393,130.6184095452152,-23.7731184176909,4056.6573297878867,13997.268987289133,26189.615600585938,-0.40758552645147916,Mugu,Low,13,False,False
GL081872E30348N,Karnali,Humla,0.0856519119826,-19.77371870828758,-16.551448925460747,5734.264946871517,16372.37450355541,34147.24709320068,-0.4140159947511139,Humla,Low,13,False,False
GL082545E29193N,Karnali,Tila,0.348750091504,232.56208154094824,37.829516109922075,48785.91797952772,116710.17849647441,207123.07242584229,-0.41574832846403004,Tila,Low,13,False,False
GL087296E28012N,Koshi,Arun,0.108195160826,-280.9366533890534,-20.125127503756374,10635.401449092546,36999.032038110694,55503.09454291847,-0.4159786488418159,Arun,Low,13,False,False
GL081397E30313N,Karnali,Humla,0.0958849388935,-22.664454342316503,-6.9362728366229005,7660.386767699548,20287.38376375546,33384.18911432005,-0.4177393142811086,Humla,Low,13,False,False
GL086489E28012N,Koshi,Tama Koshi,0.0217893299896,-138.88832155542886,-10.903297906658857,973.4694068578525,2326.676079749198,4306.92839047301,-0.4186772478833904,Tama Koshi,Low,13,False,False
GL083070E29109N,Karnali,Bheri,0.0461890571631,29.86443827406626,51.23323384286649,5897.820352401807,15058.884793486672,24172.738432282084,-0.4248282586071385,Bheri,Low,13,False,False
GL086156E28272N,Koshi,Tama Koshi,0.0359845767867,-145.21467037484476,20.000038792352406,3051.4498528201193,12077.934329368627,15664.220441631242,-0.425045847628134,Tama Koshi,Low,13,False,False
GL081353E30419N,Karnali,Humla,0.0255899846322,-32.58624820918819,-9.90987023968755,2563.2186353222214,8555.51551936223,12634.923843383787,-0.43051876337435463,Humla,Low,13,False,False
GL082368E29648N,Karnali,Mugu,0.0332978559173,120.7374050091883,39.96600675097614,3331.278486758703,9850.188680786316,14992.886487684063,-0.43155592283906985,Mugu,Low,13,False,False
GL085890E28371N,Koshi,Sun Koshi,0.296160647119,-2997.434068272037,-12.876676024371195,22184.782001063653,69296.05004823205,114402.30570220949,-0.4347131552305559,Sun Koshi,Low,13,False,False
GL088054E27859N,Koshi,Tamor,0.0569851825633,-91.8673930928671,21.826080171261754,5856.707191518225,21349.013879415244,29334.860206125297,-0.43897779534308046,Tamor,Low,13,False,False
GL082348E29837N,Karnali,Humla,0.0255905512418,-40.51232904862809,-5.562126899668244,2831.8680838392993,7656.60071886848,12161.996243166455,-0.44072769816534846,Humla,Low,13,False,False
GL080761E30405N,Karnali,Humla,0.032559984242,-40.559306725056224,-6.690439097029788,2485.79142819233,6884.564316709584,11777.059371948242,-0.44078820625818804,Humla,Low,13,False,False
GL087790E27717N,Koshi,Tamor,0.0410464169339,-92.88777306492312,34.45344925858158,3111.494894321618,12088.893408642707,15732.38912305645,-0.4413891478405762,Tamor,Low,13,False,False
GL087772E27735N,Koshi,Tamor,0.0220380824144,-93.16396357736248,-0.10670058111247172,740.9814586420496,9592.229052985236,10741.279943069758,-0.44204183870103414,Tamor,Low,13,False,False
GL081679E30111N,Karnali,Humla,0.0285545111252,-47.98394992091056,-25.212412533432826,1581.497568349003,5349.023003929449,7414.632354736328,-0.45035128033834454,Humla,Low,13,False,False
GL085556E28448N,Gandaki,Trishuli,0.0211766342996,-4.080949602741421,29.687558376259442,1709.5817128971887,5150.144699649035,7270.990852355957,-0.4505936592169116,Trishuli,Low,13,False,False
GL085047E28787N,Gandaki,Trishuli,0.0287132807163,-4.531834179171925,33.981401383157426,1472.452694296512,6911.322427536172,9280.839824003331,-0.45132499742551735,Trishuli,Low,13,False,False
GL082806E29253N,Karnali,Bheri,0.029376228702,20.783027273785205,-19.334855871367186,2031.1078031074878,10160.398020497776,15761.6914604935,-0.4522217687832424,Bheri,Low,13,False,False
GL086412E28232N,Koshi,Tama Koshi,0.086370971425,-175.47431568112037,-26.90178107097918,4585.889349570968,13330.822447183878,21768.65676116944,-0.4555075839114921,Tama Koshi,Low,13,False,False
GL083215E28992N,Karnali,Bheri,0.0228642213926,19.18543809456365,0.3345030217765479,1212.2242652594553,3385.733869660207,7234.016098022461,-0.45704079695374195,Bheri,Low,13,False,False
GL081216E30062N,Karnali,Humla,0.0241790199329,-54.100463535774885,-7.70693004622763,620.5665048470382,9391.868754467165,10395.950524393716,-0.4582294599717973,Humla,Low,13,False,False
GL087707E27666N,Koshi,Tamor,0.0352709152779,-100.31354773311138,33.422976831623394,3823.9097895938007,14254.758825359087,18807.771403114468,-0.4589376697464856,Tamor,Low,13,False,False
GL082327E29505N,Karnali,Tila,0.0340166822951,213.62268373423225,62.11286268745171,2315.351144951603,8314.918535633577,11459.5554918177,-0.46113304077311434,Tila,Low,13,False,False
GL080374E30491N,Karnali,Kali,0.0627391168839,3.4942097588880157,-33.98894604040562,5196.601835796047,13558.263996288822,21052.00268384148,-0.4640285231742084,Kali,Low,13,False,False
GL082001E30262N,Karnali,Humla,0.0263549369816,-59.55883931310178,-80.5631842165109,2516.8736940326958,5945.137966497776,9297.3851852417,-0.46525994622399247,Humla,Low,13,False,False
GL086682E28005N,Koshi,Dudh Koshi,0.154087876377,-249.2324637026914,-6.5204578051613895,9941.187369791383,45922.59015452527,57349.194564819336,-0.4660580865410022,Dudh Koshi,Low,13,False,False
GL087573E27990N,Koshi,Arun,0.0644159934501,-344.5363029904927,3.5697155867338926,6635.437437090143,22430.780222383848,29468.507781802906,-0.46829972926975794,Arun,Low,13,False,False
GL082198E29102N,Karnali,Tila,0.0227216339971,210.51927690117606,54.4115992621032,2794.4956078183745,6446.045821931819,9885.166810338638,-0.4685697728030186,Tila,Low,13,False,False
GL087452E28499N,Koshi,Arun,1.5842613959,-349.64101621024514,1.990622041866686,42541.71733476734,264271.57706743473,346370.3017910228,-0.4724991881127859,Arun,Low,13,False,False
GL086262E28262N,Koshi,Tama Koshi,0.088205987518,-194.51085523076353,32.97468107027604,6898.110732568955,32559.6418292959,43164.12586840461,-0.47467126020840755,Tama Koshi,Low,13,False,False
GL087727E27672N,Koshi,Tamor,0.0439312620128,-107.68828080910221,24.13600728118314,4925.2825009787775,18959.20108811737,23650.77973151114,-0.4763655706345467,Tamor,Low,13,False,False
GL082169E30165N,Karnali,Humla,0.0750199404148,-72.82923818899346,-69.86298911084951,7196.836995724411,14525.644615532372,26019.41214159797,-0.48235245884389005,Humla,Low,13,False,False
GL087726E27657N,Koshi,Tamor,0.0253902172107,-112.47781044833239,32.51778744200141,1922.8629802487412,9538.349906806312,11522.828424132103,-0.487684142709336,Tamor,Low,13,False,False
GL088019E27928N,Koshi,Arun,0.14665465556,-371.1606647520199,-42.664903099149285,11969.064059704137,34846.63051670587,56688.57462924135,-0.4902026073798909,Arun,Low,13,False,False
GL087487E28161N,Koshi,Arun,0.10897882065,-373.3872682812638,16.30526711621674,10959.920061015871,48197.969099458496,60503.875241058944,-0.49203435178516314,Arun,Low,13,False,False
GL082637E29731N,Karnali,Mugu,0.0706934759056,95.10475448743259,25.66831750473121,7147.93505896261,17881.2125857323,30029.32096862793,-0.49373834480141465,Mugu,Low,13,False,False
GL087124E27993N,Koshi,Arun,0.0281925877953,-376.20452312953654,19.811479575821778,3404.74307850361,7417.061617857875,11864.720529533835,-0.4943520031940342,Arun,Low,13,False,False
GL081443E30318N,Karnali,Humla,0.123139662345,-82.52938296830327,-56.627290322413785,11445.073998467633,26465.412515320928,50997.94499622421,-0.49484641992266337,Humla,Low,13,False,False
GL083106E28658N,Karnali,Bheri,0.0409627741023,2.237434149168711,102.69484509782426,3807.7776437914454,10261.107463531724,15562.759971618652,-0.508163394370427,Bheri,Low,13,False,False
GL080656E30588N,Karnali,Humla,0.0308644266176,-95.26770743115459,23.478139278504212,1213.367000196936,11143.02336676412,12613.3570022583,-0.5112536111212027,Humla,Low,13,False,False
GL085567E28394N,Gandaki,Trishuli,0.0217514668941,-43.91134081517679,29.793914983057736,1324.962668653672,8354.663205416351,10635.00099846335,-0.51519885637841,Trishuli,Low,13,False,False
GL087100E28208N,Koshi,Arun,0.982851147277,-402.846743141336,-44.92052183929604,38850.71581857874,161468.13261278247,233799.5028102201,-0.516269572626441,Arun,Low,13,False,False
GL083624E29160N,Karnali,Bheri,0.020938050237,-1.434833023574114,21.42853830844602,1638.2613528344862,7133.6747569940035,9310.904899597168,-0.5192405593795637,Bheri,Low,13,False,False
GL087477E28728N,Koshi,Arun,0.249996941005,-410.90601338092677,-2.602199992680133,22422.415821805116,77177.1175424337,124919.1744111005,-0.5228996362987824,Arun,Low,13,False,False
GL083545E29148N,Karnali,Bheri,0.0373079420627,-4.302410985086816,23.17889370968858,1602.518721242545,13094.273990337666,17318.445755004883,-0.5278904295447879,Bheri,Low,13,False,False
GL082469E29727N,Karnali,Mugu,0.039524841929,80.14614613407062,29.765647068953406,2713.1835786449337,8474.390499976893,12029.48843383789,-0.5300265349676534,Mugu,Low,13,False,False
GL088461E28033N,Koshi,Arun,0.145634731804,-421.7682588346699,-29.992994530842388,7530.392297729316,36784.5820212915,52784.80253475413,-0.5318356040529268,Arun,Low,13,False,False
GL087122E28166N,Koshi,Arun,0.140213747576,-423.2859337130835,1.1940332712920514,8903.142279263366,37782.616202843215,53650.99327736649,-0.5330841390664774,Arun,Low,13,False,False
GL081370E30423N,Karnali,Humla,0.0767012351356,-117.27605322780435,-1.3698997991427824,6231.062198195814,31398.8256183607,40481.41456604004,-0.5396007566584563,Humla,Low,13,False,False
GL080681E30416N,Karnali,Kali,0.0262147344858,-17.63344760624323,-46.04496601852532,2267.291228243325,5184.0201906092025,8615.999400389428,-0.5401085444059353,Kali,Low,13,False,False
GL087740E27626N,Koshi,Tamor,0.0381573105767,-134.87520809136564,134.04982284760382,4108.440616051928,12489.486259923046,17306.938065353097,-0.54061346533717,Tamor,Low,13,False,False
GL082396E29381N,Karnali,Tila,0.03979278961,178.92966640088548,144.3713910399047,2593.3317332657803,7893.749504538143,10950.198801915783,-0.5442683456479972,Tila,Low,13,False,False
GL087981E27945N,Koshi,Arun,0.0615115710472,-437.87626150254744,-21.133501034230456,8203.942075197454,24929.108483269923,36597.19846358954,-0.5450870623298362,Arun,Low,13,False,False
GL087619E27645N,Koshi,Tamor,0.0482491441832,-137.11581410599368,11.896868751579042,2338.2871152707194,14100.16760310062,17184.177462499283,-0.5459084447146961,Tamor,Low,13,False,False
GL081780E30128N,Karnali,Humla,0.756574749407,-125.05011446014994,4.887157100468794,24548.18470728248,108638.81738332113,160249.73418426514,-0.5496138874591531,Humla,Low,13,False,False
GL081844E30344N,Karnali,Humla,0.0297412500468,-129.15508091603346,-28.61494056719393,1170.6275984939907,3809.9342229575605,6412.446164897844,-0.5549011581439034,Humla,Low,13,False,False
GL085419E28070N,Gandaki,Trishuli,0.0226625906286,-70.38647204676303,7.181245191062372,1144.9974795251212,7824.841462817991,9556.356070694268,-0.5581417203831995,Trishuli,Low,13,False,False
GL088402E27994N,Koshi,Arun,0.191368085895,-455.03671837157145,-46.168639764659325,13423.228543986288,35734.15921727982,63551.454376400216,-0.559204335768464,Arun,Low,13,False,False
GL081362E30401N,Karnali,Humla,0.0744325794536,-134.61896590348113,-42.89852878250707,6737.188307672241,25611.58454484206,37137.78393554688,-0.5619387403579001,Humla,Low,13,False,False
GL082574E29849N,Karnali,Mugu,0.0312261400682,66.8245841001856,0.012351831413213518,2500.2066208148326,8023.149084037677,12274.447677612305,-0.562343403287046,Mugu,Low,13,False,False
GL085468E28563N,Gandaki,Trishuli,0.0934111596794,-75.96806695959135,-25.675515072040305,6558.091836640199,29604.8376259437,38941.34487915039,-0.5671951097384692,Trishuli,Low,13,False,False
GL082376E29692N,Karnali,Mugu,0.0232138166827,59.59519434055389,-5.100093448733073,2313.0071011585133,8188.76779243849,11065.932800442562,-0.5798812292790216,Mugu,Low,13,False,False
GL081643E30154N,Karnali,Humla,0.0952698537606,-149.214402084827,-40.46635821340181,9499.442112159955,28184.24775033666,41795.45643211814,-0.5807379248779512,Humla,Low,13,False,False
GL086853E27681N,Koshi,Dudh Koshi,0.11153490554,-447.20678181614414,5.13234902382202,6557.464670697249,35107.81508380781,42842.10044148763,-0.5846470551115623,Dudh Koshi,Low,13,False,False
GL083247E29167N,Karnali,Mugu,0.0317308558057,56.5486868265094,40.566856497322014,2060.3519027587154,7352.404315569893,10389.5522478889,-0.587271772663873,Mugu,Low,13,False,False
GL085579E28427N,Gandaki,Trishuli,0.0276756117693,-88.99339789070207,-32.31057319463733,1217.3404107710294,4461.283352274485,6025.762062132592,-0.5883222954698373,Trishuli,Low,13,False,False
GL081375E30321N,Karnali,Humla,0.143900521595,-156.20254357306425,-44.01965884988923,5662.4871191589045,24960.517452572552,33484.59061476764,-0.5897387769016473,Humla,Low,13,False,False
GL087142E28005N,Koshi,Arun,0.395831751827,-495.53820418399414,-23.45700328609629,10197.81837077366,68496.37385146198,125886.67050227744,-0.5925234107936033,Arun,Low,13,False,False
GL080898E30297N,Karnali,Kali,0.0249666639421,-33.4207628351634,-17.989376333500278,1436.8705918870874,3726.8199163951845,6319.280851236979,-0.596958163701186,Kali,Low,13,False,False
GL083127E29612N,Karnali,Mugu,0.0281278674845,45.617368256318876,-20.88353379817128,2194.00851497258,6677.011615287125,12302.783317565918,-0.6137901330402015,Mugu,Low,13,False,False
GL086910E27719N,Koshi,Dudh Koshi,0.158883939905,-495.952265150631,-27.013293582266662,18364.423826979903,60211.103880666786,88939.35030741972,-0.6138461787463637,Dudh Koshi,Low,13,False,False
GL082451E29774N,Karnali,Mugu,0.0249189198906,45.57052004698461,13.374950300886807,1684.9918503388963,5901.363250375694,9081.82490377987,-0.6139037824311817,Mugu,Low,13,False,False
GL081064E30000N,Karnali,West Seti,0.0358526074335,190.7057552913839,93.10355373286205,2999.6681727576492,12180.31621259226,18571.657208640903,-0.6143387204405076,West Seti,Low,13,False,False
GL087134E28069N,Koshi,Arun,0.276913558698,-523.000318692018,10.960712775074489,19055.187400015806,87920.54029170018,111463.07682055303,-0.615115477116295,Arun,Low,13,False,False
GL083501E29229N,Karnali,Mugu,0.0263174276328,43.98808925014662,20.28424200157305,1242.231117151314,7097.182237384042,10869.977912902832,-0.6177426121086538,Mugu,Low,13,False,False
GL081816E30325N,Karnali,Humla,0.0380318717701,-178.21039254324765,-61.31389345768058,3524.646161082702,10595.246653630184,17206.51921081543,-0.6180852825174693,Humla,Low,13,False,False
GL083260E29525N,Karnali,Mugu,0.0245208440834,42.207504186155695,49.09112915438517,1343.4876385431353,5919.933470616406,7717.442153930664,-0.6220621455761335,Mugu,Low,13,False,False
GL082363E29717N,Karnali,Humla,0.0664708738582,-181.41523850187653,22.615374847300078,4078.8909326534927,25751.585351889313,31610.662866001505,-0.6222131817995481,Humla,Low,13,False,False
GL087588E28141N,Koshi,Arun,0.0879664449744,-531.7118773340582,11.050769404238991,7088.2180360237235,35871.39826345314,47978.47764404895,-0.6222821543420229,Arun,Low,13,False,False
GL081375E30364N,Karnali,Humla,0.102367718243,-186.17251704289325,-34.166641323456204,5538.748710010282,24562.73584160438,33969.73342895508,-0.6283406421915955,Humla,Low,13,False,False
GL081551E29835N,Karnali,West Seti,0.0270126184517,181.41786361888336,196.57230642960494,3560.326618527727,5864.189261377487,11152.165138244629,-0.6318630238653746,West Seti,Low,13,False,False
GL087291E27842N,Koshi,Arun,0.0693299465499,-549.7936122628789,-47.728066758726136,9319.3136761568,24476.255721788133,37131.77986022351,-0.6371573291805043,Arun,Low,13,False,False
GL087713E27737N,Koshi,Tamor,0.0515834635065,-179.8289311945527,38.42134090370111,6637.617243971896,20393.862116099914,27532.127069959453,-0.6468476873380019,Tamor,Low,13,False,False
GL083286E28998N,Karnali,Bheri,0.0679643633726,-43.94550143477962,-18.26002990910372,4805.893246574415,16068.902061508434,22900.301982595407,-0.6474713406622624,Bheri,Low,13,False,False
GL086585E27874N,Koshi,Dudh Koshi,0.423163329871,-552.8156637174912,-9.507188332472614,15073.739328542322,82533.52325687782,108656.50729041004,-0.647908030049704,Dudh Koshi,Low,13,False,False
GL083604E28966N,Gandaki,Kali Gandaki,0.0331970126806,-135.58354446026405,58.22759579058611,3266.627138591277,9703.34832938584,15081.756301879885,-0.6516314583340739,Kali Gandaki,Low,13,False,False
GL085521E28503N,Gandaki,Trishuli,0.0391422019462,-128.08871652808187,-0.16044646116782868,2095.1117844367373,17078.30753451156,19051.73994999305,-0.6517351993298166,Trishuli,Low,13,False,False
GL082705E29742N,Karnali,Mugu,0.0990721643775,26.585602091366855,1.7045827503773148,2950.895995002383,15579.202336672959,20463.72887749766,-0.659959424559753,Mugu,Low,13,False,False
GL083315E29252N,Karnali,Mugu,0.0397375095782,25.784926169752815,3.141367528284357,5289.329400111484,12560.754572331816,17127.44416809082,-0.66190178974632,Mugu,Low,13,False,False
GL081384E30361N,Karnali,Humla,0.055660404751,-213.58496269812878,-32.432348028492456,2558.5979536177765,20792.5393271813,25714.46164703369,-0.6636483656207367,Humla,Low,13,False,False
GL087354E28064N,Koshi,Arun,0.128050176708,-585.7214841499473,-31.70420850900121,5740.652141263961,22878.832832057946,32873.712980262906,-0.666713861117208,Arun,Low,13,False,False
GL085538E28358N,Gandaki,Trishuli,0.108650225587,-140.72875746694262,14.791723880776802,2690.2643621353714,26274.80883685726,30247.875381469727,-0.6722374417664804,Trishuli,Low,13,False,False
GL086522E28832N,Koshi,Arun,2.81834392713,-593.2116079325847,-21.885967339106934,75037.95078183735,455044.5712531387,925842.1363549624,-0.6728757090409384,Arun,Low,13,False,False
GL082121E30023N,Karnali,Humla,0.0209178875454,-223.643854446263,11.63978338054509,2454.9935874222856,4703.00482666568,7937.134031856762,-0.6766043992528167,Humla,Low,13,False,False
GL087063E28111N,Koshi,Arun,0.420394243042,-613.476317369573,7.315720565563725,9084.963939685469,94698.86360243255,110760.23477588728,-0.6895467363020312,Arun,Low,13,False,False
GL087811E27734N,Koshi,Tamor,0.0328572435488,-198.41770865307396,17.13777109905209,4433.219150826339,9971.68840214656,15342.307586669922,-0.6907765140276115,Tamor,Low,13,False,False
GL082686E29750N,Karnali,Mugu,0.0207516400562,12.923456674915776,3.7090746105898305,1476.3044996261724,3709.7910027712537,6524.177508903951,-0.6931025164329725,Mugu,Low,13,False,False
GL087691E27690N,Koshi,Tamor,0.0507614813405,-199.72602728400062,3.5474723909154573,4747.125300598683,20153.743369296666,24991.578661600743,-0.6938683204963807,Tamor,Low,13,False,False
GL081359E30315N,Karnali,Humla,0.0532141470168,-238.15611922583193,-3.011031074646425,4422.8161305797175,14725.848274325319,22714.949089050293,-0.6952964575102901,Humla,Low,13,False,False
GL081053E29919N,Karnali,West Seti,0.0425891974332,147.73011520901963,330.9279885301672,3054.185811491115,8272.786844162056,12482.666999068912,-0.6954247390157514,West Seti,Low,13,False,False
GL085494E28501N,Gandaki,Trishuli,0.0289944033762,-156.48222140061674,-17.32098716336403,2610.945048514445,8070.853885453857,12299.163870747883,-0.6977896799552386,Trishuli,Low,13,False,False
GL086424E27793N,Koshi,Likhu,0.0259603218433,272.0381975612463,7.270992180652283,1936.468807152455,4540.877365100798,9393.318569138472,-0.6994724416358912,Likhu,Low,13,False,False
GL082936E29692N,Karnali,Mugu,0.0310942299754,9.582887963605659,10.024235004469515,1163.4827392395237,9476.596120884407,11860.374420166016,-0.7012064248846008,Mugu,Low,13,False,False
GL085445E28547N,Gandaki,Trishuli,0.0564157082972,-159.2371522321085,-14.351788242997419,5022.135684711187,14469.002327338174,22241.547239086674,-0.7022581986947495,Trishuli,Low,13,False,False
GL085532E28420N,Gandaki,Trishuli,0.0312820756017,-164.4487437896957,-36.24121221400971,2906.425686809095,8578.764686381941,12939.571362753475,-0.7107114397966848,Trishuli,Low,13,False,False
GL087382E28742N,Koshi,Arun,0.421492629656,-640.9444170709563,40.707841231424084,19551.754708237477,136296.45407691368,173297.06711276184,-0.7121437264220253,Arun,Low,13,False,False
GL083332E29221N,Karnali,Mugu,0.0286492463045,3.52017551053072,81.5784117295715,2416.189117586211,7863.397490552899,12784.115951538086,-0.7159140004306215,Mugu,Low,13,False,False
GL080627E30611N,Karnali,Humla,0.0260017734427,-254.76229317633624,19.56511007324238,1920.9228253458862,8530.94081434247,10465.77759552002,-0.7166855084703833,Humla,Low,13,False,False
GL082082E30346N,Karnali,Humla,0.0545935322719,-255.63275625733968,-69.66244611105779,3444.901274819438,5774.586077043122,11592.758889501234,-0.7178066805870884,Humla,Low,13,False,False
GL086513E28887N,Koshi,Arun,0.916576769438,-649.0450474590099,-34.9683866535683,41266.281688276664,164046.2767238749,261358.99203120207,-0.7188078155594092,Arun,Low,13,False,False
GL081390E30303N,Karnali,Humla,0.0550685952674,-256.7511308635106,-33.358501669069156,2739.7400309897357,16559.429442530844,24168.37637556488,-0.7192471672106275,Humla,Low,13,False,False
GL085587E28404N,Gandaki,Trishuli,0.193961702599,-176.4993338473321,30.750087750363676,11246.918291896627,29579.338886269044,45628.24574581969,-0.7302575884255973,Trishuli,Low,13,False,False
GL082597E29875N,Karnali,Mugu,0.0312311847316,-6.3551224229972565,-34.40007352066034,2675.7195269487147,6226.559802577506,13913.260536193848,-0.7398705531322362,Mugu,Low,13,False,False
GL082372E29697N,Karnali,Mugu,0.101378772134,-7.761067144799131,-9.960010903168829,8165.374553834358,36470.5616120052,48900.21132794546,-0.7432812440349429,Mugu,Low,13,False,False
GL086527E27666N,Koshi,Likhu,0.0219206264433,259.72625484585745,400.00019888915216,1548.6822655038827,4200.640836388313,6175.967842102051,-0.7513640635033019,Likhu,Low,13,False,False
GL082126E30067N,Karnali,Humla,0.605470465124,-293.2577153673331,-7.008107444572566,27530.174892899544,91158.10916988089,132919.0627670288,-0.7662683051716384,Humla,Low,13,False,False
GL087656E27702N,Koshi,Tamor,0.0365020215359,-232.7445240332271,15.166783800014748,4318.739495180226,11163.06934943566,17090.717755216712,-0.7718973261415746,Tamor,Low,13,False,False
GL085409E28675N,Gandaki,Trishuli,0.232753006604,-203.144676595142,39.17879630599268,13929.06676493776,78948.0757987159,106179.2085720586,-0.7734765368028986,Trishuli,Low,13,False,False
GL083269E29570N,Karnali,Mugu,0.0294960829898,-26.581299037723532,75.58144211896183,2602.572646718596,9997.802217923678,13261.312995910645,-0.7889373731192809,Mugu,Low,13,False,False
GL083347E29243N,Karnali,Mugu,0.0477780935729,-26.71367625766855,-31.83561507492224,1577.9595673971264,7601.440391301176,11223.212902742272,-0.7892585079212336,Mugu,Low,13,False,False
GL082379E29491N,Karnali,Tila,0.0215602089394,71.857212833782,28.617328758454434,1254.031160393506,7456.433696508624,9620.867457969516,-0.8008473853283191,Tila,Low,13,False,False
GL082608E29693N,Karnali,Mugu,0.0259406127444,-31.744475789841772,-41.92030015402103,1341.3099376039409,4813.043139047752,7439.346989949544,-0.8014627588648513,Mugu,Low,13,False,False
GL087729E27661N,Koshi,Tamor,0.0208425465092,-245.6007399914314,-13.068975634870478,1922.859985539772,6015.17537364931,7844.745316658768,-0.8022790165982141,Tamor,Low,13,False,False
GL086858E27687N,Koshi,Dudh Koshi,0.30548735668,-813.5386765186419,10.227627605136256,9985.403798186722,74949.57431592754,93530.10525243424,-0.8040842122198517,Dudh Koshi,Low,13,False,False
GL087694E27681N,Koshi,Tamor,0.120024996268,-247.16289752120932,34.98220476507253,13051.137700989308,37907.464399484496,52847.87819411334,-0.8059706928012679,Tamor,Low,13,False,False
GL082466E29386N,Karnali,Tila,0.0379425884214,68.60830621503649,66.10144185767533,2542.0290254932434,8760.627097374641,13371.747665405272,-0.808632780287316,Tila,Low,13,False,False
GL081386E30010N,Karnali,West Seti,0.0811564423204,87.1311905434921,-13.722733455359053,5405.620860639755,23422.929590851792,30161.900359808227,-0.8097621990664092,West Seti,Low,13,False,False
GL085227E28346N,Gandaki,Trishuli,0.0255722584767,-227.08799412798655,-36.71889802128536,1670.5056056011335,7191.656741003898,12424.774138686236,-0.8123127797526501,Trishuli,Low,13,False,False
GL083462E28904N,Karnali,Bheri,0.0269878997401,-101.12829283829561,12.42229583113324,2155.6594368415895,7675.663052278406,10380.263542175291,-0.8199596663378385,Bheri,Low,13,False,False
GL085122E28776N,Gandaki,Trishuli,0.0712544780724,-233.783238640317,-15.719060619361287,4054.26812571479,22086.46823740135,27947.003776550293,-0.8231725172193639,Trishuli,Low,13,False,False
GL082409E29382N,Karnali,Tila,0.0876552500286,61.8048291405888,61.48538071779408,3349.6057362544543,14911.84112944452,19510.1904950011,-0.8249360362237728,Tila,Low,13,False,False
GL082416E29668N,Karnali,Mugu,0.0269322434738,-41.574574559413826,-3.176496034312031,1986.5246411275455,9922.218638037772,12265.193739528282,-0.8253096626059314,Mugu,Low,13,False,False
GL088288E28017N,Koshi,Arun,0.514913322462,-782.5047957556999,20.511318225441524,36360.068176945955,130205.23696324506,194717.82741516712,-0.8286002164339888,Arun,Low,13,False,False
GL082490E29486N,Karnali,Tila,0.0475569690992,53.82204266880869,3.910916069979722,5925.056076113613,18597.295727863573,27809.32228734633,-0.8440652857988632,Tila,Low,13,False,False
GL083507E29172N,Karnali,Bheri,0.0424685905324,-110.90942705594537,16.867558312806715,2612.1899164752076,13820.803851787861,16966.449325561523,-0.8494638479806178,Bheri,Low,13,False,False
GL082938E29688N,Karnali,Mugu,0.0826714346026,-56.70794485840562,-2.9349408516581983,6339.682118436644,32841.116834018525,41323.55872117585,-0.8620218089696337,Mugu,Low,13,False,False
GL080136E30209N,Karnali,Kali,0.0934851624607,-107.90047391888606,-73.19011154918648,4495.8594183290825,9402.941995936604,27121.309277523265,-0.8651572310494795,Kali,Low,13,False,False
GL086721E28017N,Koshi,Dudh Koshi,0.17453604113,-934.1661719723515,-4.079599775407293,22144.12203782521,63279.2737288163,84170.96367387958,-0.8763415151034892,Dudh Koshi,Low,13,False,False
GL083492E29255N,Karnali,Mugu,0.0232644863699,-64.49326326649269,2.4068933018898977,2714.4610507275834,7077.409305631197,10891.539840458889,-0.8809082660666863,Mugu,Low,13,False,False
GL081864E30306N,Karnali,Humla,0.108467415614,-402.9174668875722,-30.71090942598593,6189.615300399162,14424.126404991552,22975.04758453369,-0.9075120390099386,Humla,Low,13,False,False
GL083390E29376N,Karnali,Mugu,0.117325725266,-80.24463616971035,58.170700018396595,11554.09989412151,32829.6203810771,52352.07447877772,-0.9191196291687116,Mugu,Low,13,False,False
GL083564E29199N,Karnali,Bheri,0.0383752814362,-136.21405196975869,-21.24993132538469,2097.002994075937,13355.625992408166,15657.404945373535,-0.9257936716233957,Bheri,Low,13,False,False
GL083263E29568N,Karnali,Mugu,0.0406132440232,-84.71030506034494,1.4285724408129092,3076.714225628918,12978.770995819874,17682.094833374023,-0.9299529258293854,Mugu,Low,13,False,False
GL087702E27667N,Koshi,Tamor,0.0662239287506,-306.5524977023369,6.232291642868691,3081.0168092717618,27732.90249473146,34076.268466904585,-0.9463196457834347,Tamor,Low,13,False,False
GL086493E28348N,Koshi,Arun,0.349429745605,-926.6451171023465,-5.918863313689225,16011.288520475127,66029.38447268847,96100.61860079298,-0.9471791298926039,Arun,Low,13,False,False
GL083416E28855N,Karnali,Bheri,0.0467871021993,-145.2248712511316,0.9825724776091871,2688.512081892944,21990.26029012689,25370.330607186115,-0.9529742462798759,Bheri,Low,13,False,False
GL083457E29214N,Karnali,Mugu,0.0230265791568,-95.09619958060105,-21.428401802858872,1896.3334636119039,5372.22031050462,8175.405815124512,-0.9551481382779314,Mugu,Low,13,False,False
GL087468E28166N,Koshi,Arun,0.0402771774836,-967.3654883204076,-24.047257270545725,5564.69705117003,12868.083650074037,20138.596310335044,-0.9806782738486991,Arun,Low,13,False,False
GL085604E28404N,Gandaki,Trishuli,0.0952381138295,-369.9827194033038,-61.93973967327779,4352.855112623316,9640.471975424927,17680.485557406555,-1.0440891098045582,Trishuli,Low,13,False,False
GL087778E27738N,Koshi,Tamor,0.199897646486,-353.26317583497706,32.92711529087206,14575.941367523252,80651.71791039375,110494.45538955388,-1.056705887634012,Tamor,Low,13,False,False
GL087706E27629N,Koshi,Tamor,0.130937986176,-371.83173889097657,30.695570957797553,7451.910165013707,36866.27428847323,48332.16037256578,-1.1005869438348421,Tamor,Low,13,False,False
GL081554E29648N,Karnali,Karnali,0.126224467722,-420.5695249304745,-74.95499039012427,13215.949289342983,22402.793468681324,48068.33967590332,-1.1063375230204129,Karnali,Low,13,False,False
GL086524E27750N,Koshi,Likhu,0.0483549860011,174.35949962758232,198.83950661248312,3698.7796919683824,12364.91442736918,16432.596659521965,-1.111162633415234,Likhu,Low,13,False,False
GL081911E30338N,Karnali,Humla,0.290703752876,-576.5517599791741,1.230223658135311,23502.28892635173,65865.00260574317,97118.57125854492,-1.1311561339366474,Humla,Low,13,False,False
GL081542E29742N,Karnali,Kawari,0.0406715721622,-452.93992131123645,-38.49811239897406,6479.089921271606,14019.166196636126,22836.047574211567,-1.1344172833271196,Kawari,Low,13,False,False
GL081746E29898N,Karnali,Kawari,0.116436652052,-455.2827130017467,-84.06620191129291,6886.599051583448,12212.710184422376,32044.75763732312,-1.1388620459689214,Kawari,Low,13,False,False
GL088107E27801N,Koshi,Tamor,0.0551821766215,-390.34824241814067,-37.59712483676095,6884.528219935287,23031.616112432002,31854.03765686633,-1.1443449734393907,Tamor,Low,13,False,False
GL083173E28992N,Karnali,Bheri,0.163876989905,-212.3168218660748,-6.321301643392601,10241.667876392023,39298.979989016436,69114.90079644896,-1.1553529330112906,Bheri,Low,13,False,False
GL082508E29259N,Karnali,Tila,0.041625615661,-86.87055115850748,-1.7990088409025704,3176.187637539623,18204.380777039678,25762.208273135908,-1.1812086818052214,Tila,Low,13,False,False
GL085389E28060N,Gandaki,Trishuli,0.165819464478,-468.3947501033181,-23.753255298173908,12373.51612945219,41652.078045088136,63737.96034240723,-1.2037141712941088,Trishuli,Low,13,False,False
GL082646E29743N,Karnali,Mugu,0.0930580747609,-203.83388515160857,-13.831694195869987,9674.46412510138,25267.769894153716,41966.78607940674,-1.2189356323432166,Mugu,Low,13,False,False
GL086574E28840N,Koshi,Arun,0.136377363643,-1291.9536466357265,-15.673697133806536,9456.207039503277,23666.786904856595,40105.47567970425,-1.2477049515678331,Arun,Low,13,False,False
GL082481E29208N,Karnali,Tila,0.0435534806273,-115.72201495138738,-12.663092251990115,1100.6371966608058,11281.163769736082,13926.369999216118,-1.2503457999596062,Tila,Low,13,False,False
GL086150E28249N,Koshi,Tama Koshi,0.137280585206,-990.1774163032236,-55.981892418484435,10205.669442193663,34753.835275213314,54564.30535409965,-1.2756517313129063,Tama Koshi,Low,13,False,False
GL086528E28816N,Koshi,Arun,0.133178602425,-1369.5220107714954,-17.024213355697913,11225.8413094963,27794.701636405018,54522.70197212366,-1.3115175770153735,Arun,Low,13,False,False
GL083674E29045N,Gandaki,Kali Gandaki,0.133056651739,-418.31085460098086,-27.46470583148894,6495.422752205287,31305.02170136971,41910.13134122362,-1.321378798299358,Kali Gandaki,Low,13,False,False
GL087782E27745N,Koshi,Tamor,0.185851219161,-530.3399500601288,10.109870406387602,8805.131449889579,81278.02229764775,106137.51155769498,-1.4751720801014447,Tamor,Low,13,False,False
GL083747E29174N,Gandaki,Kali Gandaki,0.172600900427,-496.7133477297916,-43.82331688200054,14208.328847729596,28002.7007265393,53325.564854012286,-1.5071049709621,Kali Gandaki,Low,13,False,False
GL084485E28488N,Gandaki,Marsyangdi,0.925656891244,-1411.6341802297497,9.590528058882498,36452.88185318424,426989.67514943506,475792.89130431553,-1.5677729683981956,Marsyangdi,Low,13,False,False
GL080633E30608N,Karnali,Humla,0.121492205125,-929.9159447475777,74.42164120186435,12387.03515097415,36425.065033934814,54818.33403778076,-1.5862955644888381,Humla,Low,13,False,False
GL080784E30402N,Karnali,Humla,0.434236966912,-939.3752089268811,-44.6120357590029,28801.176983758687,101972.05536658285,143467.90980766146,-1.598479267018942,Humla,Low,13,False,False
GL087749E27816N,Koshi,Tamor,0.175879297474,-605.1405617335614,56.250552323606954,20598.515786421875,71150.77699642038,91635.51834447523,-1.6519401926796462,Tamor,Low,13,False,False
GL088354E28022N,Koshi,Arun,0.557295223836,-1804.4218370445428,-59.24513637488531,21817.553602317374,66949.2521869412,122731.35437143364,-1.6692935857060756,Arun,Low,13,False,False
GL085083E28961N,Gandaki,Trishuli,0.160903761437,-801.2125791481043,40.03150893035325,20450.426170872877,42557.37390663757,77156.34001922607,-1.7435472186177137,Trishuli,Low,13,False,False
GL081398E30301N,Karnali,Humla,0.129904456489,-1106.5757539964068,-61.920351438582784,10299.18476818963,31525.65583127397,48390.35699397068,-1.8138365786854762,Humla,Low,13,False,False
GL083025E29108N,Karnali,Bheri,0.118889763094,-434.7011210204247,-47.15865213802191,3567.1143710653473,12536.820550741939,21288.806920399387,-1.8261613086813124,Bheri,Low,13,False,False
GL082360E29432N,Karnali,Tila,0.263014646671,-374.1099163644762,-6.097086334377367,46777.55165045598,109237.57007597727,161324.87122886511,-1.8695239116112181,Tila,Low,13,False,False
GL087105E28142N,Koshi,Arun,0.217489027115,-2049.383115308219,-4.901047468167103,22988.833809180276,65472.47548389465,98443.39175109864,-1.8708141730376644,Arun,Low,13,False,False
GL082670E29797N,Karnali,Mugu,0.152940691481,-492.12225695911707,9.709826869243672,13682.901265100523,41526.321727150855,63305.61835479736,-1.9182963624150737,Mugu,Low,13,False,False
GL087533E28694N,Koshi,Arun,0.535974468273,-2485.8643553604184,-31.69174399870725,42676.021903828056,135621.48864007776,210411.78460495893,-2.229891152379107,Arun,Low,13,False,False
GL082423E29384N,Karnali,Tila,0.432291519416,-613.2790939906413,85.07430882846553,27088.08163761159,95628.20649488628,155811.2357491587,-2.4426479586659084,Tila,Low,13,False,False
GL085456E28568N,Gandaki,Trishuli,0.255309264625,-1243.9554359745077,-29.75992397513482,9363.565387101484,40033.86802953659,61418.66521352132,-2.461679496168245,Trishuli,Low,13,False,False
GL087158E28152N,Koshi,Arun,0.962068297405,-2916.9792972578643,-4.442915508831313,41552.16792556706,219498.93246869853,290555.8076904297,-2.584553476622374,Arun,Low,13,False,False
GL086379E28392N,Koshi,Arun,1.03307478832,-3257.1785403691474,6.073160833893861,51968.18259582791,161423.14995960213,242410.83790390912,-2.864422816656405,Arun,Low,13,False,False
GL080877E30040N,Karnali,Kali,0.0624507766868,-688.7101864900849,-58.60044499747649,4272.93831240803,13672.628710403556,24318.93964436849,-2.956634506563101,Kali,Low,13,False,False
GL084779E28379N,Gandaki,Budhi Gandaki,0.179164040515,-890.0327782556745,-38.70070461275147,14885.034304245659,34763.1488056764,84587.73172679229,-3.0039302885209445,Budhi Gandaki,Low,13,False,False
GL086786E27923N,Koshi,Dudh Koshi,0.562660975394,-4568.0189468490635,-23.758914111359974,44214.844156216895,144932.1046876611,232318.97348991843,-3.053062498998692,Dudh Koshi,Low,13,False,False
GL082829E29234N,Karnali,Bheri,0.0848327538663,-857.1282986590592,-57.292056651558795,10526.855614798713,21056.31465067454,38434.71424102783,-3.100386557263127,Bheri,Low,13,False,False
GL083683E29200N,Gandaki,Kali Gandaki,0.261141357396,-1321.1375659984542,42.641068355843245,26101.860902012602,66950.66582868528,106033.5802078247,-3.460067799043974,Kali Gandaki,Low,13,False,False
GL083851E28690N,Gandaki,Marsyangdi,3.38412758141,-3896.5715751538687,4.850791915184415,212831.45547554074,527397.710458259,1125134.59292815,-4.209572664224601,Marsyangdi,Low,13,False,False
GL087777E27757N,Koshi,Tamor,0.251749704684,-1860.9426205500902,-27.744033844782685,15900.245434932707,53848.30903885556,77540.32535376455,-4.619639984734436,Tamor,Low,13,False,False
GL080629E30617N,Karnali,Humla,0.526341783189,-4371.92876520056,32.13721840405914,63249.91618020107,139099.79901200839,251936.2265319824,-6.019670033610728,Humla,Low,13,False,False
GL087654E28114N,Koshi,Arun,1.4758617567,-7230.2420044937335,-55.40566407049319,76380.37280381288,238577.26367370694,492122.7540247599,-6.132915243178771,Arun,Low,13,False,False
GL086514E28044N,Koshi,Tama Koshi,0.586364064037,-5977.570761353006,-31.507212880329895,36580.90232564119,118844.32820028589,183590.5538330078,-6.296353701893288,Tama Koshi,Low,13,False,False
GL085870E28360N,Koshi,Sun Koshi,4.82076014483,-54322.693519736764,-25.44335638980626,262462.65763030347,896816.9156676439,1411035.9068085016,-8.441457430766283,Sun Koshi,Low,13,False,False
GL086304E28374N,Koshi,Arun,4.01920591945,-13836.984153360232,-28.87000427869048,174847.7426452846,634546.5960210095,1005503.0408835318,-11.568037755704312,Arun,Low,13,False,False
